-- MySQL dump 10.13  Distrib 5.7.17, for Win64 (x86_64)
--
-- Host: 127.0.0.1    Database: corsisicurezzadb
-- ------------------------------------------------------
-- Server version	5.7.19-log

/*!40101 SET @OLD_CHARACTER_SET_CLIENT=@@CHARACTER_SET_CLIENT */;
/*!40101 SET @OLD_CHARACTER_SET_RESULTS=@@CHARACTER_SET_RESULTS */;
/*!40101 SET @OLD_COLLATION_CONNECTION=@@COLLATION_CONNECTION */;
/*!40101 SET NAMES utf8 */;
/*!40103 SET @OLD_TIME_ZONE=@@TIME_ZONE */;
/*!40103 SET TIME_ZONE='+00:00' */;
/*!40014 SET @OLD_UNIQUE_CHECKS=@@UNIQUE_CHECKS, UNIQUE_CHECKS=0 */;
/*!40014 SET @OLD_FOREIGN_KEY_CHECKS=@@FOREIGN_KEY_CHECKS, FOREIGN_KEY_CHECKS=0 */;
/*!40101 SET @OLD_SQL_MODE=@@SQL_MODE, SQL_MODE='NO_AUTO_VALUE_ON_ZERO' */;
/*!40111 SET @OLD_SQL_NOTES=@@SQL_NOTES, SQL_NOTES=0 */;

--
-- Table structure for table `corsi`
--

DROP TABLE IF EXISTS `corsi`;
/*!40101 SET @saved_cs_client     = @@character_set_client */;
/*!40101 SET character_set_client = utf8 */;
CREATE TABLE `corsi` (
  `Id` varchar(10) NOT NULL,
  PRIMARY KEY (`Id`),
  UNIQUE KEY `Id_UNIQUE` (`Id`)
) ENGINE=InnoDB DEFAULT CHARSET=utf8;
/*!40101 SET character_set_client = @saved_cs_client */;

--
-- Dumping data for table `corsi`
--

LOCK TABLES `corsi` WRITE;
/*!40000 ALTER TABLE `corsi` DISABLE KEYS */;
INSERT INTO `corsi` VALUES (''),('0/013'),('019-020'),('020-021'),('030-033'),('032-033'),('042-031'),('042-044'),('043-031'),('043-044'),('046/047'),('046/048'),('046/049'),('051 bis'),('100'),('102'),('103'),('19'),('20'),('21'),('22'),('23'),('24'),('25'),('26'),('27'),('28'),('29'),('30'),('31'),('32'),('33'),('34'),('35'),('38'),('39'),('40'),('41'),('42'),('43'),('44'),('45'),('46'),('47'),('48'),('49'),('50'),('51'),('52'),('53'),('54'),('55'),('56'),('57'),('58'),('59'),('67'),('68'),('69'),('70'),('72'),('75'),('76'),('77'),('78'),('78585jokl'),('79'),('80'),('81'),('82'),('83'),('85'),('86'),('87'),('93'),('94'),('96'),('97'),('98'),('99'),('A/002'),('B/003'),('C/003'),('D/004'),('E/005'),('F/006'),('G/007'),('H/008'),('I/009'),('L/010'),('M/011'),('N/012'),('P/014'),('test');
/*!40000 ALTER TABLE `corsi` ENABLE KEYS */;
UNLOCK TABLES;

--
-- Table structure for table `corsi_formatori`
--

DROP TABLE IF EXISTS `corsi_formatori`;
/*!40101 SET @saved_cs_client     = @@character_set_client */;
/*!40101 SET character_set_client = utf8 */;
CREATE TABLE `corsi_formatori` (
  `Id_Formatore` int(11) NOT NULL,
  `Id_Corso` varchar(10) DEFAULT NULL
) ENGINE=InnoDB DEFAULT CHARSET=utf8;
/*!40101 SET character_set_client = @saved_cs_client */;

--
-- Dumping data for table `corsi_formatori`
--

LOCK TABLES `corsi_formatori` WRITE;
/*!40000 ALTER TABLE `corsi_formatori` DISABLE KEYS */;
INSERT INTO `corsi_formatori` VALUES (0,'0/013'),(1,'0/013'),(1,'A/002'),(2,'A/002'),(3,'A/002'),(1,'B/003'),(4,'B/003'),(1,'C/003'),(5,'C/003'),(1,'D/004'),(6,'D/004'),(7,'D/004'),(1,'E/005'),(8,'E/005'),(9,'E/005'),(1,'F/006'),(10,'F/006'),(11,'F/006'),(1,'G/007'),(12,'G/007'),(13,'G/007'),(1,'H/008'),(2,'H/008'),(6,'H/008'),(1,'I/009'),(14,'I/009'),(15,'I/009'),(0,'L/010'),(1,'L/010'),(0,'M/011'),(1,'M/011'),(0,'N/012'),(1,'N/012'),(0,'P/014'),(1,'P/014'),(1,'20'),(17,'20'),(1,'21'),(7,'21'),(1,'19'),(6,'19'),(1,'020-021'),(7,'020-021'),(17,'020-021'),(1,'019-020'),(6,'019-020'),(18,'019-020'),(1,'23'),(10,'23'),(1,'27'),(25,'27'),(1,'22'),(19,'22'),(20,'22'),(1,'24'),(11,'24'),(1,'25'),(9,'25'),(1,'26'),(12,'26'),(1,'28'),(4,'28'),(1,'29'),(7,'29'),(10,'19'),(7,'20'),(4,'21'),(1,'39'),(13,'39'),(1,'38'),(10,'38'),(19,'38'),(1,'40'),(9,'40'),(1,'41'),(10,'41'),(11,'41'),(1,'42'),(10,'42'),(1,'45'),(6,'45'),(1,'44'),(9,'44'),(1,'43'),(19,'43'),(20,'43'),(1,'043-031'),(2,'043-031'),(15,'043-031'),(19,'043-031'),(20,'043-031'),(1,'043-044'),(9,'043-044'),(19,'043-044'),(20,'043-044'),(10,'043-031'),(1,'042-031'),(2,'042-031'),(10,'042-031'),(15,'042-031'),(1,'042-044'),(9,'042-044'),(10,'042-044'),(1,'34'),(5,'34'),(1,'35'),(4,'35'),(1,'33'),(13,'33'),(1,'46'),(5,'46'),(21,'46'),(1,'47'),(3,'47'),(1,'046/047'),(3,'046/047'),(5,'046/047'),(1,'48'),(15,'48'),(1,'046/048'),(5,'046/048'),(15,'046/048'),(1,'49'),(19,'49'),(20,'49'),(1,'046/049'),(19,'046/049'),(20,'046/049'),(1,'32'),(5,'32'),(1,'032-033'),(5,'032-033'),(13,'032-033'),(1,'31'),(2,'31'),(15,'31'),(1,'30'),(10,'30'),(1,'030-033'),(10,'030-033'),(13,'030-033'),(1,'51'),(7,'51'),(1,'051 bis'),(7,'051 bis'),(1,'80'),(6,'80'),(1,'57'),(6,'57'),(22,'57'),(1,'52'),(10,'52'),(1,'67'),(10,'67'),(1,'68'),(4,'68'),(1,'69'),(5,'69'),(1,'77'),(6,'77'),(1,'82'),(10,'82'),(9,'78'),(1,'76'),(23,'76'),(1,'58'),(5,'58'),(1,'53'),(6,'53'),(1,'54'),(7,'54'),(1,'55'),(4,'55'),(1,'56'),(15,'56'),(1,'59'),(6,'59'),(1,'79'),(24,'79'),(1,'70'),(13,'70'),(1,'81'),(19,'81'),(1,'93'),(4,'93'),(1,'83'),(13,'83'),(1,'97'),(9,'97'),(1,'100'),(10,'100'),(1,'99'),(5,'99'),(1,'86'),(4,'86'),(1,'96'),(5,'96'),(1,'87'),(6,'87'),(1,'98'),(4,'98'),(1,'94'),(3,'94'),(1,'75'),(25,'75'),(1,'85'),(9,'85'),(1,'72'),(6,'72'),(1,'102'),(10,'102'),(1,'103'),(9,'103'),(16,'test'),(77,'test');
/*!40000 ALTER TABLE `corsi_formatori` ENABLE KEYS */;
UNLOCK TABLES;

--
-- Table structure for table `corsi_personale`
--

DROP TABLE IF EXISTS `corsi_personale`;
/*!40101 SET @saved_cs_client     = @@character_set_client */;
/*!40101 SET character_set_client = utf8 */;
CREATE TABLE `corsi_personale` (
  `Id_Sede` int(11) NOT NULL,
  `Id_Personale` int(11) NOT NULL,
  `Id_Corso` varchar(10) NOT NULL,
  `Ore` int(11) DEFAULT NULL,
  `Mod1` date DEFAULT NULL,
  `Mod2` date DEFAULT NULL,
  `Mod3` date DEFAULT NULL,
  `Aggiornamento` date DEFAULT NULL,
  KEY `Link_Corsi_idx` (`Id_Corso`),
  KEY `Link_personale_idx` (`Id_Personale`),
  KEY `Link_Sedi_idx` (`Id_Sede`),
  CONSTRAINT `Link_Corsi` FOREIGN KEY (`Id_Corso`) REFERENCES `corsi` (`Id`) ON DELETE CASCADE ON UPDATE CASCADE,
  CONSTRAINT `Link_Sedi` FOREIGN KEY (`Id_Sede`) REFERENCES `sedi` (`id`) ON DELETE CASCADE ON UPDATE CASCADE,
  CONSTRAINT `Link_personale` FOREIGN KEY (`Id_Personale`) REFERENCES `personale` (`Id`) ON DELETE CASCADE ON UPDATE CASCADE
) ENGINE=InnoDB DEFAULT CHARSET=utf8;
/*!40101 SET character_set_client = @saved_cs_client */;

--
-- Dumping data for table `corsi_personale`
--

LOCK TABLES `corsi_personale` WRITE;
/*!40000 ALTER TABLE `corsi_personale` DISABLE KEYS */;
INSERT INTO `corsi_personale` VALUES (1,25,'A/002',12,NULL,NULL,NULL,NULL),(1,26,'A/002',12,NULL,NULL,NULL,NULL),(1,27,'A/002',8,NULL,NULL,NULL,NULL),(1,28,'A/002',12,NULL,NULL,NULL,NULL),(1,29,'A/002',12,NULL,NULL,NULL,NULL),(1,30,'A/002',12,NULL,NULL,NULL,NULL),(1,31,'A/002',12,NULL,NULL,NULL,NULL),(1,32,'A/002',12,NULL,NULL,NULL,NULL),(1,33,'A/002',12,NULL,NULL,NULL,NULL),(1,34,'A/002',12,NULL,NULL,NULL,NULL),(1,35,'A/002',12,NULL,NULL,NULL,NULL),(1,36,'A/002',12,NULL,NULL,NULL,NULL),(1,37,'A/002',8,NULL,NULL,NULL,NULL),(1,38,'A/002',12,NULL,NULL,NULL,NULL),(1,39,'A/002',12,NULL,NULL,NULL,NULL),(1,40,'A/002',12,NULL,NULL,NULL,NULL),(1,41,'A/002',8,NULL,NULL,NULL,NULL),(1,42,'A/002',12,NULL,NULL,NULL,NULL),(1,43,'A/002',8,NULL,NULL,NULL,NULL),(1,44,'A/002',8,NULL,NULL,NULL,NULL),(1,45,'A/002',12,NULL,NULL,NULL,NULL),(1,46,'A/002',12,NULL,NULL,NULL,NULL),(1,47,'A/002',12,NULL,NULL,NULL,NULL),(1,48,'A/002',12,NULL,NULL,NULL,NULL),(1,49,'A/002',12,NULL,NULL,NULL,NULL),(1,50,'A/002',12,NULL,NULL,NULL,NULL),(1,51,'A/002',12,NULL,NULL,NULL,NULL),(1,52,'A/002',12,NULL,NULL,NULL,NULL),(1,53,'A/002',8,NULL,NULL,NULL,NULL),(1,54,'A/002',8,NULL,NULL,NULL,NULL),(1,55,'A/002',8,NULL,NULL,NULL,NULL),(1,56,'A/002',12,NULL,NULL,NULL,NULL),(1,57,'A/002',12,NULL,NULL,NULL,NULL),(1,58,'A/002',12,NULL,NULL,NULL,NULL),(1,59,'A/002',8,NULL,NULL,NULL,NULL),(1,60,'A/002',12,NULL,NULL,NULL,NULL),(1,61,'A/002',8,NULL,NULL,NULL,NULL),(1,62,'A/002',12,NULL,NULL,NULL,NULL),(2,63,'B/003',12,NULL,NULL,NULL,NULL),(2,64,'B/003',12,NULL,NULL,NULL,NULL),(2,65,'B/003',4,NULL,NULL,NULL,NULL),(2,66,'B/003',12,NULL,NULL,NULL,NULL),(2,67,'B/003',12,NULL,NULL,NULL,NULL),(2,68,'B/003',12,NULL,NULL,NULL,NULL),(2,69,'B/003',12,NULL,NULL,NULL,NULL),(2,70,'B/003',12,NULL,NULL,NULL,NULL),(2,71,'B/003',12,NULL,NULL,NULL,NULL),(2,72,'B/003',12,NULL,NULL,NULL,NULL),(2,73,'B/003',12,NULL,NULL,NULL,NULL),(2,74,'B/003',4,NULL,NULL,NULL,NULL),(2,75,'B/003',12,NULL,NULL,NULL,NULL),(2,76,'B/003',12,NULL,NULL,NULL,NULL),(2,77,'B/003',12,NULL,NULL,NULL,NULL),(2,78,'B/003',8,NULL,NULL,NULL,NULL),(2,79,'B/003',8,NULL,NULL,NULL,NULL),(2,80,'B/003',12,NULL,NULL,NULL,NULL),(2,81,'B/003',12,NULL,NULL,NULL,NULL),(2,82,'B/003',12,NULL,NULL,NULL,NULL),(2,83,'B/003',8,NULL,NULL,NULL,NULL),(2,84,'B/003',12,NULL,NULL,NULL,NULL),(2,86,'B/003',12,NULL,NULL,NULL,NULL),(2,87,'B/003',12,NULL,NULL,NULL,NULL),(2,88,'B/003',12,NULL,NULL,NULL,NULL),(2,89,'B/003',12,NULL,NULL,NULL,NULL),(2,90,'B/003',12,NULL,NULL,NULL,NULL),(2,91,'B/003',12,NULL,NULL,NULL,NULL),(3,92,'C/003',12,NULL,NULL,NULL,NULL),(3,93,'C/003',12,NULL,NULL,NULL,NULL),(3,94,'C/003',12,NULL,NULL,NULL,NULL),(3,95,'C/003',12,NULL,NULL,NULL,NULL),(3,96,'C/003',12,NULL,NULL,NULL,NULL),(3,97,'C/003',12,NULL,NULL,NULL,NULL),(3,98,'C/003',12,NULL,NULL,NULL,NULL),(3,99,'C/003',12,NULL,NULL,NULL,NULL),(3,100,'C/003',12,NULL,NULL,NULL,NULL),(3,101,'C/003',12,NULL,NULL,NULL,NULL),(3,102,'C/003',12,NULL,NULL,NULL,NULL),(3,103,'C/003',12,NULL,NULL,NULL,NULL),(3,104,'C/003',12,NULL,NULL,NULL,NULL),(3,105,'C/003',8,NULL,NULL,NULL,NULL),(3,106,'C/003',12,NULL,NULL,NULL,NULL),(3,107,'C/003',12,NULL,NULL,NULL,NULL),(3,108,'C/003',12,NULL,NULL,NULL,NULL),(3,109,'C/003',12,NULL,NULL,NULL,NULL),(3,110,'C/003',12,NULL,NULL,NULL,NULL),(3,111,'C/003',12,NULL,NULL,NULL,NULL),(3,112,'C/003',12,NULL,NULL,NULL,NULL),(3,113,'C/003',12,NULL,NULL,NULL,NULL),(3,114,'C/003',12,NULL,NULL,NULL,NULL),(3,115,'C/003',12,NULL,NULL,NULL,NULL),(3,116,'C/003',12,NULL,NULL,NULL,NULL),(3,117,'C/003',12,NULL,NULL,NULL,NULL),(3,118,'C/003',12,NULL,NULL,NULL,NULL),(3,119,'C/003',12,NULL,NULL,NULL,NULL),(3,120,'C/003',12,NULL,NULL,NULL,NULL),(3,121,'C/003',12,NULL,NULL,NULL,NULL),(3,122,'C/003',12,NULL,NULL,NULL,NULL),(4,123,'D/004',8,NULL,NULL,NULL,NULL),(4,124,'D/004',12,NULL,NULL,NULL,NULL),(4,125,'D/004',12,NULL,NULL,NULL,NULL),(4,126,'D/004',12,NULL,NULL,NULL,NULL),(4,127,'D/004',12,NULL,NULL,NULL,NULL),(4,128,'D/004',12,NULL,NULL,NULL,NULL),(4,129,'D/004',12,NULL,NULL,NULL,NULL),(4,130,'D/004',12,NULL,NULL,NULL,NULL),(4,131,'D/004',12,NULL,NULL,NULL,NULL),(4,132,'D/004',12,NULL,NULL,NULL,NULL),(4,133,'D/004',12,NULL,NULL,NULL,NULL),(4,134,'D/004',8,NULL,NULL,NULL,NULL),(4,135,'D/004',12,NULL,NULL,NULL,NULL),(4,136,'D/004',12,NULL,NULL,NULL,NULL),(4,137,'D/004',12,NULL,NULL,NULL,NULL),(4,138,'D/004',12,NULL,NULL,NULL,NULL),(4,139,'D/004',12,NULL,NULL,NULL,NULL),(4,140,'D/004',12,NULL,NULL,NULL,NULL),(4,141,'D/004',12,NULL,NULL,NULL,NULL),(4,142,'D/004',12,NULL,NULL,NULL,NULL),(4,143,'D/004',12,NULL,NULL,NULL,NULL),(4,144,'D/004',12,NULL,NULL,NULL,NULL),(4,145,'D/004',12,NULL,NULL,NULL,NULL),(4,146,'D/004',12,NULL,NULL,NULL,NULL),(4,147,'D/004',12,NULL,NULL,NULL,NULL),(4,148,'D/004',4,NULL,NULL,NULL,NULL),(4,149,'D/004',12,NULL,NULL,NULL,NULL),(5,150,'E/005',8,NULL,NULL,NULL,NULL),(5,151,'E/005',8,NULL,NULL,NULL,NULL),(5,152,'E/005',8,NULL,NULL,NULL,NULL),(5,153,'E/005',8,NULL,NULL,NULL,NULL),(5,154,'E/005',8,NULL,NULL,NULL,NULL),(5,155,'E/005',8,NULL,NULL,NULL,NULL),(5,156,'E/005',8,NULL,NULL,NULL,NULL),(5,157,'E/005',8,NULL,NULL,NULL,NULL),(5,158,'E/005',8,NULL,NULL,NULL,NULL),(5,159,'E/005',8,NULL,NULL,NULL,NULL),(5,160,'E/005',8,NULL,NULL,NULL,NULL),(5,161,'E/005',8,NULL,NULL,NULL,NULL),(5,162,'E/005',8,NULL,NULL,NULL,NULL),(5,163,'E/005',8,NULL,NULL,NULL,NULL),(5,164,'E/005',8,NULL,NULL,NULL,NULL),(5,165,'E/005',8,NULL,NULL,NULL,NULL),(5,166,'E/005',8,NULL,NULL,NULL,NULL),(5,167,'E/005',8,NULL,NULL,NULL,NULL),(5,168,'E/005',8,NULL,NULL,NULL,NULL),(5,169,'E/005',8,NULL,NULL,NULL,NULL),(5,170,'E/005',8,NULL,NULL,NULL,NULL),(5,171,'E/005',8,NULL,NULL,NULL,NULL),(5,173,'E/005',8,NULL,NULL,NULL,NULL),(5,174,'E/005',8,NULL,NULL,NULL,NULL),(5,175,'E/005',8,NULL,NULL,NULL,NULL),(5,176,'E/005',8,NULL,NULL,NULL,NULL),(5,177,'E/005',8,NULL,NULL,NULL,NULL),(5,178,'E/005',8,NULL,NULL,NULL,NULL),(5,179,'E/005',8,NULL,NULL,NULL,NULL),(5,180,'E/005',8,NULL,NULL,NULL,NULL),(5,181,'E/005',8,NULL,NULL,NULL,NULL),(5,182,'E/005',8,NULL,NULL,NULL,NULL),(6,183,'F/006',8,NULL,NULL,NULL,NULL),(6,184,'F/006',8,NULL,NULL,NULL,NULL),(6,185,'F/006',8,NULL,NULL,NULL,NULL),(6,186,'F/006',8,NULL,NULL,NULL,NULL),(6,187,'F/006',8,NULL,NULL,NULL,NULL),(6,188,'F/006',8,NULL,NULL,NULL,NULL),(6,189,'F/006',4,NULL,NULL,NULL,NULL),(6,190,'F/006',8,NULL,NULL,NULL,NULL),(6,191,'F/006',8,NULL,NULL,NULL,NULL),(6,192,'F/006',8,NULL,NULL,NULL,NULL),(6,193,'F/006',8,NULL,NULL,NULL,NULL),(6,194,'F/006',8,NULL,NULL,NULL,NULL),(6,195,'F/006',8,NULL,NULL,NULL,NULL),(6,196,'F/006',8,NULL,NULL,NULL,NULL),(6,197,'F/006',8,NULL,NULL,NULL,NULL),(6,198,'F/006',8,NULL,NULL,NULL,NULL),(6,199,'F/006',8,NULL,NULL,NULL,NULL),(6,200,'F/006',8,NULL,NULL,NULL,NULL),(6,201,'F/006',8,NULL,NULL,NULL,NULL),(6,202,'F/006',8,NULL,NULL,NULL,NULL),(6,203,'F/006',8,NULL,NULL,NULL,NULL),(7,204,'G/007',8,NULL,NULL,NULL,NULL),(7,205,'G/007',8,NULL,NULL,NULL,NULL),(7,206,'G/007',8,NULL,NULL,NULL,NULL),(7,207,'G/007',8,NULL,NULL,NULL,NULL),(7,208,'G/007',8,NULL,NULL,NULL,NULL),(7,210,'G/007',8,NULL,NULL,NULL,NULL),(7,211,'G/007',8,NULL,NULL,NULL,NULL),(7,212,'G/007',8,NULL,NULL,NULL,NULL),(7,213,'G/007',8,NULL,NULL,NULL,NULL),(7,214,'G/007',8,NULL,NULL,NULL,NULL),(7,215,'G/007',8,NULL,NULL,NULL,NULL),(7,216,'G/007',8,NULL,NULL,NULL,NULL),(7,217,'G/007',8,NULL,NULL,NULL,NULL),(7,218,'G/007',8,NULL,NULL,NULL,NULL),(7,219,'G/007',8,NULL,NULL,NULL,NULL),(7,220,'G/007',8,NULL,NULL,NULL,NULL),(7,221,'G/007',4,NULL,NULL,NULL,NULL),(7,222,'G/007',4,NULL,NULL,NULL,NULL),(7,223,'G/007',8,NULL,NULL,NULL,NULL),(7,224,'G/007',8,NULL,NULL,NULL,NULL),(7,225,'G/007',8,NULL,NULL,NULL,NULL),(7,227,'G/007',8,NULL,NULL,NULL,NULL),(7,229,'G/007',8,NULL,NULL,NULL,NULL),(7,230,'G/007',8,NULL,NULL,NULL,NULL),(7,231,'G/007',8,NULL,NULL,NULL,NULL),(7,232,'G/007',8,NULL,NULL,NULL,NULL),(8,234,'H/008',8,NULL,NULL,NULL,NULL),(8,235,'H/008',8,NULL,NULL,NULL,NULL),(8,236,'H/008',8,NULL,NULL,NULL,NULL),(8,237,'H/008',8,NULL,NULL,NULL,NULL),(8,238,'H/008',8,NULL,NULL,NULL,NULL),(8,241,'H/008',8,NULL,NULL,NULL,NULL),(8,242,'H/008',8,NULL,NULL,NULL,NULL),(8,243,'H/008',8,NULL,NULL,NULL,NULL),(8,244,'H/008',8,NULL,NULL,NULL,NULL),(8,245,'H/008',8,NULL,NULL,NULL,NULL),(8,246,'H/008',8,NULL,NULL,NULL,NULL),(8,247,'H/008',8,NULL,NULL,NULL,NULL),(8,249,'H/008',8,NULL,NULL,NULL,NULL),(8,250,'H/008',8,NULL,NULL,NULL,NULL),(8,251,'H/008',8,NULL,NULL,NULL,NULL),(8,253,'H/008',8,NULL,NULL,NULL,NULL),(8,254,'H/008',8,NULL,NULL,NULL,NULL),(9,255,'I/009',8,NULL,NULL,NULL,NULL),(9,256,'I/009',8,NULL,NULL,NULL,NULL),(9,257,'I/009',8,NULL,NULL,NULL,NULL),(9,258,'I/009',8,NULL,NULL,NULL,NULL),(9,259,'I/009',8,NULL,NULL,NULL,NULL),(9,260,'I/009',8,NULL,NULL,NULL,NULL),(9,261,'I/009',8,NULL,NULL,NULL,NULL),(9,262,'I/009',8,NULL,NULL,NULL,NULL),(9,263,'I/009',4,NULL,NULL,NULL,NULL),(9,264,'I/009',8,NULL,NULL,NULL,NULL),(9,265,'I/009',8,NULL,NULL,NULL,NULL),(9,266,'I/009',8,NULL,NULL,NULL,NULL),(9,267,'I/009',8,NULL,NULL,NULL,NULL),(9,268,'I/009',8,NULL,NULL,NULL,NULL),(9,269,'I/009',8,NULL,NULL,NULL,NULL),(9,270,'I/009',8,NULL,NULL,NULL,NULL),(9,271,'I/009',8,NULL,NULL,NULL,NULL),(9,272,'I/009',8,NULL,NULL,NULL,NULL),(9,273,'I/009',8,NULL,NULL,NULL,NULL),(9,274,'I/009',8,NULL,NULL,NULL,NULL),(9,275,'I/009',8,NULL,NULL,NULL,NULL),(9,276,'I/009',8,NULL,NULL,NULL,NULL),(9,277,'I/009',8,NULL,NULL,NULL,NULL),(9,278,'I/009',8,NULL,NULL,NULL,NULL),(10,279,'L/010',4,NULL,NULL,NULL,NULL),(10,280,'L/010',4,NULL,NULL,NULL,NULL),(10,281,'L/010',4,NULL,NULL,NULL,NULL),(10,282,'L/010',4,NULL,NULL,NULL,NULL),(10,283,'L/010',4,NULL,NULL,NULL,NULL),(10,284,'L/010',4,NULL,NULL,NULL,NULL),(10,285,'L/010',4,NULL,NULL,NULL,NULL),(10,286,'L/010',4,NULL,NULL,NULL,NULL),(10,287,'L/010',4,NULL,NULL,NULL,NULL),(10,288,'L/010',4,NULL,NULL,NULL,NULL),(10,289,'L/010',4,NULL,NULL,NULL,NULL),(10,290,'L/010',4,NULL,NULL,NULL,NULL),(10,291,'L/010',4,NULL,NULL,NULL,NULL),(10,292,'L/010',4,NULL,NULL,NULL,NULL),(10,293,'L/010',4,NULL,NULL,NULL,NULL),(10,294,'L/010',4,NULL,NULL,NULL,NULL),(10,295,'L/010',4,NULL,NULL,NULL,NULL),(10,296,'L/010',4,NULL,NULL,NULL,NULL),(10,297,'L/010',4,NULL,NULL,NULL,NULL),(10,298,'L/010',4,NULL,NULL,NULL,NULL),(10,299,'L/010',4,NULL,NULL,NULL,NULL),(10,300,'L/010',4,NULL,NULL,NULL,NULL),(10,301,'L/010',4,NULL,NULL,NULL,NULL),(10,302,'L/010',4,NULL,NULL,NULL,NULL),(10,303,'L/010',4,NULL,NULL,NULL,NULL),(10,304,'L/010',4,NULL,NULL,NULL,NULL),(10,305,'L/010',4,NULL,NULL,NULL,NULL),(10,306,'L/010',4,NULL,NULL,NULL,NULL),(10,307,'L/010',4,NULL,NULL,NULL,NULL),(11,308,'M/011',4,NULL,NULL,NULL,NULL),(11,309,'M/011',4,NULL,NULL,NULL,NULL),(11,310,'M/011',4,NULL,NULL,NULL,NULL),(11,311,'M/011',4,NULL,NULL,NULL,NULL),(11,312,'M/011',4,NULL,NULL,NULL,NULL),(11,313,'M/011',4,NULL,NULL,NULL,NULL),(11,314,'M/011',4,NULL,NULL,NULL,NULL),(11,315,'M/011',4,NULL,NULL,NULL,NULL),(11,316,'M/011',4,NULL,NULL,NULL,NULL),(11,317,'M/011',4,NULL,NULL,NULL,NULL),(11,318,'M/011',4,NULL,NULL,NULL,NULL),(11,319,'M/011',4,NULL,NULL,NULL,NULL),(11,320,'M/011',4,NULL,NULL,NULL,NULL),(11,321,'M/011',4,NULL,NULL,NULL,NULL),(11,322,'M/011',4,NULL,NULL,NULL,NULL),(11,323,'M/011',4,NULL,NULL,NULL,NULL),(11,324,'M/011',4,NULL,NULL,NULL,NULL),(11,325,'M/011',4,NULL,NULL,NULL,NULL),(11,326,'M/011',4,NULL,NULL,NULL,NULL),(11,327,'M/011',4,NULL,NULL,NULL,NULL),(11,328,'M/011',4,NULL,NULL,NULL,NULL),(11,329,'M/011',4,NULL,NULL,NULL,NULL),(11,330,'M/011',4,NULL,NULL,NULL,NULL),(11,331,'M/011',4,NULL,NULL,NULL,NULL),(11,332,'M/011',4,NULL,NULL,NULL,NULL),(11,333,'M/011',4,NULL,NULL,NULL,NULL),(11,334,'M/011',4,NULL,NULL,NULL,NULL),(11,335,'M/011',4,NULL,NULL,NULL,NULL),(11,336,'M/011',4,NULL,NULL,NULL,NULL),(12,337,'N/012',4,NULL,NULL,NULL,NULL),(12,338,'N/012',4,NULL,NULL,NULL,NULL),(12,339,'N/012',4,NULL,NULL,NULL,NULL),(12,340,'N/012',4,NULL,NULL,NULL,NULL),(12,341,'N/012',4,NULL,NULL,NULL,NULL),(12,342,'N/012',4,NULL,NULL,NULL,NULL),(12,343,'N/012',4,NULL,NULL,NULL,NULL),(12,344,'N/012',4,NULL,NULL,NULL,NULL),(12,345,'N/012',4,NULL,NULL,NULL,NULL),(12,346,'N/012',4,NULL,NULL,NULL,NULL),(12,347,'N/012',4,NULL,NULL,NULL,NULL),(12,348,'N/012',4,NULL,NULL,NULL,NULL),(12,349,'N/012',4,NULL,NULL,NULL,NULL),(12,350,'N/012',4,NULL,NULL,NULL,NULL),(12,351,'N/012',4,NULL,NULL,NULL,NULL),(12,352,'N/012',4,NULL,NULL,NULL,NULL),(12,353,'N/012',4,NULL,NULL,NULL,NULL),(12,354,'N/012',4,NULL,NULL,NULL,NULL),(12,355,'N/012',4,NULL,NULL,NULL,NULL),(12,356,'N/012',4,NULL,NULL,NULL,NULL),(12,357,'N/012',4,NULL,NULL,NULL,NULL),(12,358,'N/012',4,NULL,NULL,NULL,NULL),(12,359,'N/012',4,NULL,NULL,NULL,NULL),(12,360,'N/012',4,NULL,NULL,NULL,NULL),(12,361,'N/012',4,NULL,NULL,NULL,NULL),(12,362,'N/012',4,NULL,NULL,NULL,NULL),(12,363,'N/012',4,NULL,NULL,NULL,NULL),(12,364,'N/012',4,NULL,NULL,NULL,NULL),(12,365,'N/012',4,NULL,NULL,NULL,NULL),(12,366,'N/012',4,NULL,NULL,NULL,NULL),(12,367,'N/012',4,NULL,NULL,NULL,NULL),(12,369,'N/012',4,NULL,NULL,NULL,NULL),(12,370,'N/012',4,NULL,NULL,NULL,NULL),(13,372,'P/014',4,NULL,NULL,NULL,NULL),(13,373,'P/014',4,NULL,NULL,NULL,NULL),(13,374,'P/014',4,NULL,NULL,NULL,NULL),(13,375,'P/014',4,NULL,NULL,NULL,NULL),(13,376,'P/014',4,NULL,NULL,NULL,NULL),(13,377,'P/014',4,NULL,NULL,NULL,NULL),(13,378,'P/014',4,NULL,NULL,NULL,NULL),(13,379,'P/014',4,NULL,NULL,NULL,NULL),(13,380,'P/014',4,NULL,NULL,NULL,NULL),(13,381,'P/014',4,NULL,NULL,NULL,NULL),(13,382,'P/014',4,NULL,NULL,NULL,NULL),(13,383,'P/014',4,NULL,NULL,NULL,NULL),(13,384,'P/014',4,NULL,NULL,NULL,NULL),(13,385,'P/014',4,NULL,NULL,NULL,NULL),(13,386,'P/014',4,NULL,NULL,NULL,NULL),(13,387,'P/014',4,NULL,NULL,NULL,NULL),(13,388,'P/014',4,NULL,NULL,NULL,NULL),(13,389,'P/014',4,NULL,NULL,NULL,NULL),(13,390,'P/014',4,NULL,NULL,NULL,NULL),(14,391,'20',12,NULL,NULL,NULL,NULL),(14,392,'21',12,NULL,NULL,NULL,NULL),(14,393,'21',12,NULL,NULL,NULL,NULL),(14,394,'19',8,NULL,NULL,NULL,NULL),(14,395,'21',4,NULL,NULL,NULL,NULL),(14,396,'21',12,NULL,NULL,NULL,NULL),(14,397,'19',8,NULL,NULL,NULL,NULL),(14,398,'19',12,NULL,NULL,NULL,NULL),(14,399,'19',12,NULL,NULL,NULL,NULL),(14,400,'19',12,NULL,NULL,NULL,NULL),(14,401,'19',12,NULL,NULL,NULL,NULL),(14,402,'19',12,NULL,NULL,NULL,NULL),(14,403,'21',12,NULL,NULL,NULL,NULL),(14,404,'19',12,NULL,NULL,NULL,NULL),(14,405,'21',8,NULL,NULL,NULL,NULL),(14,406,'19',12,NULL,NULL,NULL,NULL),(14,407,'',4,NULL,NULL,NULL,NULL),(14,408,'21',12,NULL,NULL,NULL,NULL),(14,409,'20',12,NULL,NULL,NULL,NULL),(14,410,'19',12,NULL,NULL,NULL,NULL),(14,411,'21',12,NULL,NULL,NULL,NULL),(14,412,'21',12,NULL,NULL,NULL,NULL),(14,413,'21',12,NULL,NULL,NULL,NULL),(14,414,'19',12,NULL,NULL,NULL,NULL),(14,415,'19',12,NULL,NULL,NULL,NULL),(14,416,'19',12,NULL,NULL,NULL,NULL),(14,417,'21',12,NULL,NULL,NULL,NULL),(14,418,'21',12,NULL,NULL,NULL,NULL),(14,419,'20',8,NULL,NULL,NULL,NULL),(14,420,'20',12,NULL,NULL,NULL,NULL),(14,421,'21',12,NULL,NULL,NULL,NULL),(14,422,'',4,NULL,NULL,NULL,NULL),(14,423,'20',8,NULL,NULL,NULL,NULL),(14,424,'',4,NULL,NULL,NULL,NULL),(14,425,'21',12,NULL,NULL,NULL,NULL),(14,426,'19',12,NULL,NULL,NULL,NULL),(14,428,'',4,NULL,NULL,NULL,NULL),(14,429,'21',12,NULL,NULL,NULL,NULL),(14,430,'19',12,NULL,NULL,NULL,NULL),(14,431,'19',12,NULL,NULL,NULL,NULL),(14,432,'21',12,NULL,NULL,NULL,NULL),(14,433,'19',12,NULL,NULL,NULL,NULL),(14,434,'',4,NULL,NULL,NULL,NULL),(14,435,'19',12,NULL,NULL,NULL,NULL),(14,436,'21',12,NULL,NULL,NULL,NULL),(14,437,'20',12,NULL,NULL,NULL,NULL),(14,438,'19',12,NULL,NULL,NULL,NULL),(14,439,'19',12,NULL,NULL,NULL,NULL),(14,440,'20',12,NULL,NULL,NULL,NULL),(14,441,'21',12,NULL,NULL,NULL,NULL),(14,442,'19',12,NULL,NULL,NULL,NULL),(14,443,'21',8,NULL,NULL,NULL,NULL),(14,444,'20',12,NULL,NULL,NULL,NULL),(14,445,'21',12,NULL,NULL,NULL,NULL),(14,446,'',4,NULL,NULL,NULL,NULL),(14,447,'21',12,NULL,NULL,NULL,NULL),(14,448,'21',12,NULL,NULL,NULL,NULL),(14,449,'020-021',12,NULL,NULL,NULL,NULL),(14,450,'21',12,NULL,NULL,NULL,NULL),(14,451,'20',12,NULL,NULL,NULL,NULL),(14,452,'',4,NULL,NULL,NULL,NULL),(14,453,'21',12,NULL,NULL,NULL,NULL),(14,454,'19',12,NULL,NULL,NULL,NULL),(14,455,'21',12,NULL,NULL,NULL,NULL),(14,456,'21',12,NULL,NULL,NULL,NULL),(14,457,'20',12,NULL,NULL,NULL,NULL),(14,458,'21',8,NULL,NULL,NULL,NULL),(14,459,'19',12,NULL,NULL,NULL,NULL),(14,460,'21',12,NULL,NULL,NULL,NULL),(14,461,'20',12,NULL,NULL,NULL,NULL),(14,462,'21',12,NULL,NULL,NULL,NULL),(14,463,'19',12,NULL,NULL,NULL,NULL),(14,464,'20',8,NULL,NULL,NULL,NULL),(14,465,'',4,NULL,NULL,NULL,NULL),(14,466,'21',12,NULL,NULL,NULL,NULL),(14,467,'19',12,NULL,NULL,NULL,NULL),(14,468,'20',12,NULL,NULL,NULL,NULL),(14,469,'19',12,NULL,NULL,NULL,NULL),(14,470,'21',12,NULL,NULL,NULL,NULL),(14,471,'20',12,NULL,NULL,NULL,NULL),(14,472,'20',8,NULL,NULL,NULL,NULL),(14,473,'',4,NULL,NULL,NULL,NULL),(14,474,'20',12,NULL,NULL,NULL,NULL),(14,475,'019-020',12,NULL,NULL,NULL,NULL),(14,476,'020-021',12,NULL,NULL,NULL,NULL),(14,477,'21',12,NULL,NULL,NULL,NULL),(14,478,'',4,NULL,NULL,NULL,NULL),(14,479,'',4,NULL,NULL,NULL,NULL),(14,480,'19',12,NULL,NULL,NULL,NULL),(14,481,'21',12,NULL,NULL,NULL,NULL),(14,482,'20',12,NULL,NULL,NULL,NULL),(14,483,'20',12,NULL,NULL,NULL,NULL),(14,484,'',4,NULL,NULL,NULL,NULL),(14,485,'21',12,NULL,NULL,NULL,NULL),(14,486,'20',12,NULL,NULL,NULL,NULL),(14,488,'',4,NULL,NULL,NULL,NULL),(14,489,'21',12,NULL,NULL,NULL,NULL),(14,490,'21',12,NULL,NULL,NULL,NULL),(14,491,'21',8,NULL,NULL,NULL,NULL),(14,492,'19',8,NULL,NULL,NULL,NULL),(14,493,'21',12,NULL,NULL,NULL,NULL),(14,494,'21',12,NULL,NULL,NULL,NULL),(14,495,'20',12,NULL,NULL,NULL,NULL),(14,496,'20',12,NULL,NULL,NULL,NULL),(14,497,'19',12,NULL,NULL,NULL,NULL),(15,498,'23',8,NULL,NULL,NULL,NULL),(15,499,'27',8,NULL,NULL,NULL,NULL),(15,500,'22',8,NULL,NULL,NULL,NULL),(15,501,'22',8,NULL,NULL,NULL,NULL),(15,502,'24',8,NULL,NULL,NULL,NULL),(15,503,'24',8,NULL,NULL,NULL,NULL),(15,504,'24',8,NULL,NULL,NULL,NULL),(15,505,'24',8,NULL,NULL,NULL,NULL),(15,506,'24',8,NULL,NULL,NULL,NULL),(15,507,'24',8,NULL,NULL,NULL,NULL),(15,508,'24',8,NULL,NULL,NULL,NULL),(15,509,'24',8,NULL,NULL,NULL,NULL),(15,510,'24',8,NULL,NULL,NULL,NULL),(15,511,'24',8,NULL,NULL,NULL,NULL),(15,512,'24',8,NULL,NULL,NULL,NULL),(15,513,'23',4,NULL,NULL,NULL,NULL),(15,514,'23',8,NULL,NULL,NULL,NULL),(15,516,'24',8,NULL,NULL,NULL,NULL),(15,517,'24',8,NULL,NULL,NULL,NULL),(15,518,'24',8,NULL,NULL,NULL,NULL),(15,519,'24',8,NULL,NULL,NULL,NULL),(15,520,'24',8,NULL,NULL,NULL,NULL),(15,521,'24',8,NULL,NULL,NULL,NULL),(15,522,'22',8,NULL,NULL,NULL,NULL),(15,523,'23',8,NULL,NULL,NULL,NULL),(15,524,'24',8,NULL,NULL,NULL,NULL),(15,525,'24',8,NULL,NULL,NULL,NULL),(15,526,'22',8,NULL,NULL,NULL,NULL),(15,527,'24',8,NULL,NULL,NULL,NULL),(15,528,'27',8,NULL,NULL,NULL,NULL),(15,529,'24',8,NULL,NULL,NULL,NULL),(15,530,'23',8,NULL,NULL,NULL,NULL),(15,531,'24',8,NULL,NULL,NULL,NULL),(15,532,'23',4,NULL,NULL,NULL,NULL),(15,533,'22',8,NULL,NULL,NULL,NULL),(15,534,'23',8,NULL,NULL,NULL,NULL),(15,535,'24',8,NULL,NULL,NULL,NULL),(15,536,'24',8,NULL,NULL,NULL,NULL),(15,537,'24',8,NULL,NULL,NULL,NULL),(15,538,'24',8,NULL,NULL,NULL,NULL),(15,539,'24',8,NULL,NULL,NULL,NULL),(15,540,'24',8,NULL,NULL,NULL,NULL),(15,541,'22',8,NULL,NULL,NULL,NULL),(15,542,'24',8,NULL,NULL,NULL,NULL),(15,543,'24',8,NULL,NULL,NULL,NULL),(15,544,'22',8,NULL,NULL,NULL,NULL),(15,545,'22',8,NULL,NULL,NULL,NULL),(15,546,'24',8,NULL,NULL,NULL,NULL),(15,547,'24',8,NULL,NULL,NULL,NULL),(15,548,'22',8,NULL,NULL,NULL,NULL),(15,549,'23',8,NULL,NULL,NULL,NULL),(15,550,'25',8,NULL,NULL,NULL,NULL),(15,551,'23',8,NULL,NULL,NULL,NULL),(15,552,'25',4,NULL,NULL,NULL,NULL),(15,553,'22',8,NULL,NULL,NULL,NULL),(15,554,'27',8,NULL,NULL,NULL,NULL),(15,555,'25',8,NULL,NULL,NULL,NULL),(15,556,'22',8,NULL,NULL,NULL,NULL),(15,557,'25',8,NULL,NULL,NULL,NULL),(15,558,'25',8,NULL,NULL,NULL,NULL),(15,559,'23',8,NULL,NULL,NULL,NULL),(15,560,'25',8,NULL,NULL,NULL,NULL),(15,562,'25',8,NULL,NULL,NULL,NULL),(15,563,'25',8,NULL,NULL,NULL,NULL),(15,564,'25',8,NULL,NULL,NULL,NULL),(15,565,'23',8,NULL,NULL,NULL,NULL),(15,566,'25',8,NULL,NULL,NULL,NULL),(15,567,'25',8,NULL,NULL,NULL,NULL),(15,568,'25',8,NULL,NULL,NULL,NULL),(15,569,'25',8,NULL,NULL,NULL,NULL),(15,570,'25',8,NULL,NULL,NULL,NULL),(15,571,'22',8,NULL,NULL,NULL,NULL),(15,572,'23',8,NULL,NULL,NULL,NULL),(15,573,'25',8,NULL,NULL,NULL,NULL),(15,574,'23',8,NULL,NULL,NULL,NULL),(15,575,'25',8,NULL,NULL,NULL,NULL),(15,576,'22',8,NULL,NULL,NULL,NULL),(15,577,'22',8,NULL,NULL,NULL,NULL),(15,578,'23',8,NULL,NULL,NULL,NULL),(15,579,'22',8,NULL,NULL,NULL,NULL),(15,580,'23',8,NULL,NULL,NULL,NULL),(15,581,'25',8,NULL,NULL,NULL,NULL),(15,582,'25',8,NULL,NULL,NULL,NULL),(15,583,'25',8,NULL,NULL,NULL,NULL),(15,584,'25',8,NULL,NULL,NULL,NULL),(15,585,'25',8,NULL,NULL,NULL,NULL),(15,586,'22',8,NULL,NULL,NULL,NULL),(15,587,'25',8,NULL,NULL,NULL,NULL),(15,588,'25',8,NULL,NULL,NULL,NULL),(15,589,'25',8,NULL,NULL,NULL,NULL),(15,590,'23',8,NULL,NULL,NULL,NULL),(15,592,'25',8,NULL,NULL,NULL,NULL),(15,593,'25',8,NULL,NULL,NULL,NULL),(15,594,'22',8,NULL,NULL,NULL,NULL),(15,595,'25',8,NULL,NULL,NULL,NULL),(15,596,'22',8,NULL,NULL,NULL,NULL),(15,597,'25',8,NULL,NULL,NULL,NULL),(15,598,'25',8,NULL,NULL,NULL,NULL),(15,599,'23',8,NULL,NULL,NULL,NULL),(15,600,'27',8,NULL,NULL,NULL,NULL),(15,601,'25',8,NULL,NULL,NULL,NULL),(15,602,'25',8,NULL,NULL,NULL,NULL),(15,603,'26',8,NULL,NULL,NULL,NULL),(15,604,'26',8,NULL,NULL,NULL,NULL),(15,606,'26',8,NULL,NULL,NULL,NULL),(15,607,'26',8,NULL,NULL,NULL,NULL),(15,608,'26',8,NULL,NULL,NULL,NULL),(15,609,'26',8,NULL,NULL,NULL,NULL),(15,610,'26',8,NULL,NULL,NULL,NULL),(15,611,'26',8,NULL,NULL,NULL,NULL),(15,612,'23',8,NULL,NULL,NULL,NULL),(15,613,'26',8,NULL,NULL,NULL,NULL),(15,614,'26',8,NULL,NULL,NULL,NULL),(15,615,'26',8,NULL,NULL,NULL,NULL),(15,616,'26',8,NULL,NULL,NULL,NULL),(15,617,'23',8,NULL,NULL,NULL,NULL),(15,618,'22',8,NULL,NULL,NULL,NULL),(15,619,'26',8,NULL,NULL,NULL,NULL),(15,620,'26',8,NULL,NULL,NULL,NULL),(15,621,'26',8,NULL,NULL,NULL,NULL),(15,622,'23',8,NULL,NULL,NULL,NULL),(15,623,'26',8,NULL,NULL,NULL,NULL),(15,624,'26',8,NULL,NULL,NULL,NULL),(15,625,'26',8,NULL,NULL,NULL,NULL),(15,626,'23',8,NULL,NULL,NULL,NULL),(15,627,'26',8,NULL,NULL,NULL,NULL),(15,628,'26',8,NULL,NULL,NULL,NULL),(15,629,'22',8,NULL,NULL,NULL,NULL),(15,630,'22',8,NULL,NULL,NULL,NULL),(15,631,'26',4,NULL,NULL,NULL,NULL),(15,632,'23',8,NULL,NULL,NULL,NULL),(15,634,'26',8,NULL,NULL,NULL,NULL),(15,635,'26',8,NULL,NULL,NULL,NULL),(15,636,'26',8,NULL,NULL,NULL,NULL),(15,637,'22',8,NULL,NULL,NULL,NULL),(15,638,'26',8,NULL,NULL,NULL,NULL),(15,639,'23',8,NULL,NULL,NULL,NULL),(15,640,'22',8,NULL,NULL,NULL,NULL),(15,641,'23',8,NULL,NULL,NULL,NULL),(15,642,'26',8,NULL,NULL,NULL,NULL),(15,643,'23',8,NULL,NULL,NULL,NULL),(15,644,'26',8,NULL,NULL,NULL,NULL),(15,645,'23',8,NULL,NULL,NULL,NULL),(15,646,'26',8,NULL,NULL,NULL,NULL),(15,647,'26',8,NULL,NULL,NULL,NULL),(15,648,'27',8,NULL,NULL,NULL,NULL),(15,649,'27',8,NULL,NULL,NULL,NULL),(15,650,'27',8,NULL,NULL,NULL,NULL),(15,651,'27',8,NULL,NULL,NULL,NULL),(15,652,'27',8,NULL,NULL,NULL,NULL),(15,653,'24',4,NULL,NULL,NULL,NULL),(15,654,'27',8,NULL,NULL,NULL,NULL),(15,655,'23',8,NULL,NULL,NULL,NULL),(15,656,'23',8,NULL,NULL,NULL,NULL),(15,657,'22',8,NULL,NULL,NULL,NULL),(15,660,'27',8,NULL,NULL,NULL,NULL),(15,661,'22',8,NULL,NULL,NULL,NULL),(15,662,'27',4,NULL,NULL,NULL,NULL),(15,663,'27',8,NULL,NULL,NULL,NULL),(15,664,'27',8,NULL,NULL,NULL,NULL),(15,665,'27',8,NULL,NULL,NULL,NULL),(15,667,'27',8,NULL,NULL,NULL,NULL),(15,668,'27',8,NULL,NULL,NULL,NULL),(15,669,'27',8,NULL,NULL,NULL,NULL),(15,670,'23',8,NULL,NULL,NULL,NULL),(15,671,'23',4,NULL,NULL,NULL,NULL),(15,672,'27',8,NULL,NULL,NULL,NULL),(15,673,'27',8,NULL,NULL,NULL,NULL),(15,674,'22',8,NULL,NULL,NULL,NULL),(15,675,'27',8,NULL,NULL,NULL,NULL),(15,676,'27',8,NULL,NULL,NULL,NULL),(15,677,'22',8,NULL,NULL,NULL,NULL),(15,678,'27',8,NULL,NULL,NULL,NULL),(15,679,'27',8,NULL,NULL,NULL,NULL),(15,680,'23',8,NULL,NULL,NULL,NULL),(15,681,'27',8,NULL,NULL,NULL,NULL),(15,682,'27',8,NULL,NULL,NULL,NULL),(15,683,'23',8,NULL,NULL,NULL,NULL),(15,684,'22',8,NULL,NULL,NULL,NULL),(15,685,'27',8,NULL,NULL,NULL,NULL),(15,686,'22',8,NULL,NULL,NULL,NULL),(15,687,'27',8,NULL,NULL,NULL,NULL),(15,688,'27',8,NULL,NULL,NULL,NULL),(15,689,'23',8,NULL,NULL,NULL,NULL),(15,690,'25',8,NULL,NULL,NULL,NULL),(15,691,'27',8,NULL,NULL,NULL,NULL),(15,692,'23',8,NULL,NULL,NULL,NULL),(15,693,'27',8,NULL,NULL,NULL,NULL),(16,694,'28',8,NULL,NULL,NULL,NULL),(16,695,'28',8,NULL,NULL,NULL,NULL),(16,696,'28',8,NULL,NULL,NULL,NULL),(16,697,'28',8,NULL,NULL,NULL,NULL),(16,698,'28',8,NULL,NULL,NULL,NULL),(16,699,'28',8,NULL,NULL,NULL,NULL),(16,700,'28',8,NULL,NULL,NULL,NULL),(16,701,'28',8,NULL,NULL,NULL,NULL),(16,702,'28',8,NULL,NULL,NULL,NULL),(16,703,'28',8,NULL,NULL,NULL,NULL),(16,704,'28',8,NULL,NULL,NULL,NULL),(16,705,'28',4,NULL,NULL,NULL,NULL),(16,706,'28',8,NULL,NULL,NULL,NULL),(16,707,'28',8,NULL,NULL,NULL,NULL),(16,708,'28',8,NULL,NULL,NULL,NULL),(16,709,'28',8,NULL,NULL,NULL,NULL),(16,710,'28',8,NULL,NULL,NULL,NULL),(16,711,'28',8,NULL,NULL,NULL,NULL),(16,712,'28',8,NULL,NULL,NULL,NULL),(16,713,'28',8,NULL,NULL,NULL,NULL),(16,714,'28',8,NULL,NULL,NULL,NULL),(16,715,'28',8,NULL,NULL,NULL,NULL),(16,716,'28',8,NULL,NULL,NULL,NULL),(16,717,'28',8,NULL,NULL,NULL,NULL),(16,718,'28',8,NULL,NULL,NULL,NULL),(16,719,'28',8,NULL,NULL,NULL,NULL),(16,720,'28',8,NULL,NULL,NULL,NULL),(16,721,'28',8,NULL,NULL,NULL,NULL),(16,722,'28',8,NULL,NULL,NULL,NULL),(16,723,'28',8,NULL,NULL,NULL,NULL),(16,724,'29',4,NULL,NULL,NULL,NULL),(16,725,'29',8,NULL,NULL,NULL,NULL),(16,726,'29',8,NULL,NULL,NULL,NULL),(16,727,'29',8,NULL,NULL,NULL,NULL),(16,728,'29',8,NULL,NULL,NULL,NULL),(16,729,'29',8,NULL,NULL,NULL,NULL),(16,730,'29',8,NULL,NULL,NULL,NULL),(16,731,'29',8,NULL,NULL,NULL,NULL),(16,732,'29',8,NULL,NULL,NULL,NULL),(16,733,'29',8,NULL,NULL,NULL,NULL),(16,734,'29',8,NULL,NULL,NULL,NULL),(16,735,'29',8,NULL,NULL,NULL,NULL),(16,736,'29',8,NULL,NULL,NULL,NULL),(16,737,'29',8,NULL,NULL,NULL,NULL),(16,738,'29',8,NULL,NULL,NULL,NULL),(16,739,'29',8,NULL,NULL,NULL,NULL),(16,740,'29',8,NULL,NULL,NULL,NULL),(16,741,'29',8,NULL,NULL,NULL,NULL),(16,742,'29',8,NULL,NULL,NULL,NULL),(16,743,'29',8,NULL,NULL,NULL,NULL),(16,744,'29',8,NULL,NULL,NULL,NULL),(16,745,'29',8,NULL,NULL,NULL,NULL),(16,746,'29',8,NULL,NULL,NULL,NULL),(16,747,'29',8,NULL,NULL,NULL,NULL),(16,748,'29',8,NULL,NULL,NULL,NULL),(16,749,'29',8,NULL,NULL,NULL,NULL),(16,750,'29',8,NULL,NULL,NULL,NULL),(16,751,'29',8,NULL,NULL,NULL,NULL),(16,752,'29',8,NULL,NULL,NULL,NULL),(16,753,'29',8,NULL,NULL,NULL,NULL),(17,754,'19',12,NULL,NULL,NULL,NULL),(17,755,'19',8,NULL,NULL,NULL,NULL),(17,756,'19',12,NULL,NULL,NULL,NULL),(17,757,'19',12,NULL,NULL,NULL,NULL),(17,758,'19',4,NULL,NULL,NULL,NULL),(17,759,'19',12,NULL,NULL,NULL,NULL),(17,760,'19',12,NULL,NULL,NULL,NULL),(17,761,'19',12,NULL,NULL,NULL,NULL),(17,762,'19',12,NULL,NULL,NULL,NULL),(17,763,'19',12,NULL,NULL,NULL,NULL),(17,764,'19',12,NULL,NULL,NULL,NULL),(17,765,'19',12,NULL,NULL,NULL,NULL),(17,766,'19',12,NULL,NULL,NULL,NULL),(17,767,'19',12,NULL,NULL,NULL,NULL),(17,768,'19',12,NULL,NULL,NULL,NULL),(17,769,'19',12,NULL,NULL,NULL,NULL),(17,770,'19',12,NULL,NULL,NULL,NULL),(17,771,'19',12,NULL,NULL,NULL,NULL),(17,772,'19',12,NULL,NULL,NULL,NULL),(17,773,'19',12,NULL,NULL,NULL,NULL),(17,774,'19',8,NULL,NULL,NULL,NULL),(17,775,'19',12,NULL,NULL,NULL,NULL),(17,776,'19',12,NULL,NULL,NULL,NULL),(17,777,'19',12,NULL,NULL,NULL,NULL),(17,778,'19',12,NULL,NULL,NULL,NULL),(17,779,'19',12,NULL,NULL,NULL,NULL),(17,780,'19',12,NULL,NULL,NULL,NULL),(17,781,'19',12,NULL,NULL,NULL,NULL),(17,782,'19',12,NULL,NULL,NULL,NULL),(17,783,'19',12,NULL,NULL,NULL,NULL),(17,784,'19',12,NULL,NULL,NULL,NULL),(17,785,'19',8,NULL,NULL,NULL,NULL),(17,786,'20',12,NULL,NULL,NULL,NULL),(17,787,'20',12,NULL,NULL,NULL,NULL),(17,788,'20',12,NULL,NULL,NULL,NULL),(17,789,'20',12,NULL,NULL,NULL,NULL),(17,790,'20',8,NULL,NULL,NULL,NULL),(17,791,'20',12,NULL,NULL,NULL,NULL),(17,793,'20',12,NULL,NULL,NULL,NULL),(17,794,'20',12,NULL,NULL,NULL,NULL),(17,795,'20',12,NULL,NULL,NULL,NULL),(17,796,'20',12,NULL,NULL,NULL,NULL),(17,797,'20',12,NULL,NULL,NULL,NULL),(17,799,'20',12,NULL,NULL,NULL,NULL),(17,800,'20',12,NULL,NULL,NULL,NULL),(17,801,'20',12,NULL,NULL,NULL,NULL),(17,802,'20',12,NULL,NULL,NULL,NULL),(17,803,'20',8,NULL,NULL,NULL,NULL),(17,804,'20',12,NULL,NULL,NULL,NULL),(17,805,'20',12,NULL,NULL,NULL,NULL),(17,806,'20',12,NULL,NULL,NULL,NULL),(17,807,'20',12,NULL,NULL,NULL,NULL),(17,808,'20',8,NULL,NULL,NULL,NULL),(17,809,'20',12,NULL,NULL,NULL,NULL),(17,810,'20',8,NULL,NULL,NULL,NULL),(17,811,'20',8,NULL,NULL,NULL,NULL),(17,812,'21',12,NULL,NULL,NULL,NULL),(17,813,'21',12,NULL,NULL,NULL,NULL),(17,814,'21',12,NULL,NULL,NULL,NULL),(17,815,'21',12,NULL,NULL,NULL,NULL),(17,816,'21',12,NULL,NULL,NULL,NULL),(17,817,'21',12,NULL,NULL,NULL,NULL),(17,818,'21',8,NULL,NULL,NULL,NULL),(17,819,'21',4,NULL,NULL,NULL,NULL),(17,820,'21',12,NULL,NULL,NULL,NULL),(17,821,'21',12,NULL,NULL,NULL,NULL),(17,822,'21',12,NULL,NULL,NULL,NULL),(17,823,'21',12,NULL,NULL,NULL,NULL),(17,824,'21',12,NULL,NULL,NULL,NULL),(17,825,'21',8,NULL,NULL,NULL,NULL),(17,826,'21',12,NULL,NULL,NULL,NULL),(17,827,'21',12,NULL,NULL,NULL,NULL),(97,2187,'test',666,NULL,NULL,NULL,NULL);
/*!40000 ALTER TABLE `corsi_personale` ENABLE KEYS */;
UNLOCK TABLES;

--
-- Table structure for table `formatori`
--

DROP TABLE IF EXISTS `formatori`;
/*!40101 SET @saved_cs_client     = @@character_set_client */;
/*!40101 SET character_set_client = utf8 */;
CREATE TABLE `formatori` (
  `Id` int(11) NOT NULL AUTO_INCREMENT,
  `Cognome` varchar(45) DEFAULT NULL,
  PRIMARY KEY (`Id`)
) ENGINE=InnoDB AUTO_INCREMENT=89 DEFAULT CHARSET=utf8;
/*!40101 SET character_set_client = @saved_cs_client */;

--
-- Dumping data for table `formatori`
--

LOCK TABLES `formatori` WRITE;
/*!40000 ALTER TABLE `formatori` DISABLE KEYS */;
INSERT INTO `formatori` VALUES (1,'PACCHETTI'),(2,'SABELLA'),(3,'SESSA'),(4,'MUSCILLO'),(5,'CLARA\''),(6,'BRUNETTI'),(7,'SETTIMO'),(8,'FAGNANI'),(9,'GOLINO'),(10,'STUMPO'),(11,'SAPORITO'),(12,'IODICE'),(13,'FORMATO'),(14,'MUDDEI'),(15,'ROSATO'),(16,'TALLONE'),(17,'ILLACQUA'),(18,'ILLAQUA'),(19,'PELLICANO\''),(20,'COLOMBO'),(21,'PEELICANO\''),(22,'GULINO'),(23,'GAMICCHIA'),(24,'ILACQUA'),(25,'GAMMICCHIA'),(77,'SCHENA'),(88,'TEEEEEST');
/*!40000 ALTER TABLE `formatori` ENABLE KEYS */;
UNLOCK TABLES;

--
-- Table structure for table `log_utenti`
--

DROP TABLE IF EXISTS `log_utenti`;
/*!40101 SET @saved_cs_client     = @@character_set_client */;
/*!40101 SET character_set_client = utf8 */;
CREATE TABLE `log_utenti` (
  `IdUtente` int(11) NOT NULL DEFAULT '-1',
  `Data` datetime NOT NULL,
  `Action` varchar(60) NOT NULL
) ENGINE=InnoDB DEFAULT CHARSET=utf8;
/*!40101 SET character_set_client = @saved_cs_client */;

--
-- Dumping data for table `log_utenti`
--

LOCK TABLES `log_utenti` WRITE;
/*!40000 ALTER TABLE `log_utenti` DISABLE KEYS */;
INSERT INTO `log_utenti` VALUES (3,'2018-05-25 17:58:45','Login'),(3,'2018-05-25 17:58:47','Logout'),(-1,'2018-05-25 18:02:44','usr error [Login]'),(3,'2018-05-25 18:02:59','Login'),(3,'2018-05-25 18:03:02','Logout'),(3,'2018-05-25 18:38:51','Login'),(3,'2018-05-25 19:08:07','Login');
/*!40000 ALTER TABLE `log_utenti` ENABLE KEYS */;
UNLOCK TABLES;

--
-- Table structure for table `personale`
--

DROP TABLE IF EXISTS `personale`;
/*!40101 SET @saved_cs_client     = @@character_set_client */;
/*!40101 SET character_set_client = utf8 */;
CREATE TABLE `personale` (
  `Id` int(11) NOT NULL AUTO_INCREMENT,
  `Cognome` varchar(45) DEFAULT NULL,
  `Nome` varchar(45) DEFAULT NULL,
  `DataNascita` date DEFAULT NULL,
  `ComuneNascita` varchar(45) DEFAULT NULL,
  `CF` varchar(20) DEFAULT NULL,
  PRIMARY KEY (`Id`),
  UNIQUE KEY `CF_UNIQUE` (`CF`)
) ENGINE=InnoDB AUTO_INCREMENT=2192 DEFAULT CHARSET=utf8;
/*!40101 SET character_set_client = @saved_cs_client */;

--
-- Dumping data for table `personale`
--

LOCK TABLES `personale` WRITE;
/*!40000 ALTER TABLE `personale` DISABLE KEYS */;
INSERT INTO `personale` VALUES (1,'BABUDRI','GIOVANNI',NULL,'BARI','BBDGNN55M07A662W'),(2,'BIANCHI','NADIA',NULL,'VARESE','BNCNDA61H43L682R'),(3,'BERRA','RITA',NULL,'VARESE','BRRRTI61D46L682P'),(4,'ACCARDI','VITA',NULL,'CAMPOBELLO DI MAZARA (TP)','CCRVNZ57D59B521U'),(5,'COLOMBO','CARLO MARIA',NULL,'Varese','CLMCRL50P14L682Q '),(6,'CROCETTI ','VINCENZO',NULL,'VARESE','CRCVCN57S08L682A'),(7,'CATELLA','MANUELA',NULL,'CANTELLO (VA)','CTLMNL55R51B634A'),(8,'D\'ALFONSO','FRANCA',NULL,'PESCARA (PE)','DLFFNC52C51G482H'),(9,'FERRO','ANNA',NULL,'SALEMI','FRRNNA60E50H700W'),(10,'GALLETTI ','STEFANIA',NULL,'Cremona','GLLSFN54T66D150F'),(11,'LONGO ','ROSSELLA GRAZIA',NULL,'CARMIANO (LE)','LNGRSL56B65B792M'),(12,'LUONI','CHIARA',NULL,'Varese','LNUCHR61L41L682C'),(13,'LEOTTA','MARIA',NULL,'CATANIA','LTTMRA59H67C351D'),(14,'MARINI','TIZIANO',NULL,'LEGNAGO','MRNTZN53A12E512A'),(15,'PATANE\'','ROSARIO GRAZIANO',NULL,'Catania','PTNRRG76B25C351V'),(16,'RUBINO','BARBARA',NULL,'ROMA','RBNBBR59R47H501O'),(17,'RICCIARDI','MARINELLA',NULL,'Pescara','RCCMNL54T55G482F '),(18,'ERPOLI','ROBERTA',NULL,'VARESE','RPLRRT62C66L682X'),(19,'SPRIANO','MILENA',NULL,'ASTI','SPRMLN59C55A479Q'),(20,'OSSOLA','DANIELE ',NULL,'VARESE','SSLDNL53M25L682A'),(21,'TORRIERI','SILVANA',NULL,'PESCARA ','TRRSVN52M68G482K'),(22,'CONCORDIA','ANTONINA',NULL,'CASTELLAMARE DEL GOLFO(TP)','CNCNNN57B55C130J'),(24,'SENALDI','ELENA',NULL,'VARESE','SNLLNE60C58L682R'),(25,'POMUNI','MICHELA',NULL,'VARESE',' PMNMHL68C58L682K'),(26,'BELLONI','MARGHERITA',NULL,'LEGNANO','BLLMGH58T63E514U'),(27,'BONOMO','GIULIA',NULL,'PANTELLERIA','BNMGLI65D42G315I'),(28,'BRUGNONI','PAOLA',NULL,'VARESE (VA)','BRGPLA69H42L682K'),(29,'BROGGI','SILVIA',NULL,'DAVERIO (VA)','BRGSLV57T45D256Y'),(30,'BERNASCONI','MARIA',NULL,'VARESE (VA)','BRNMRA66D59L682U'),(31,'BRUSA ','GIORGIA GIADA',NULL,'ANGERA (VA)','BRSGGG90M41A290K'),(32,'COMPAGNONE ','ANGELA',NULL,'NAPOLI (NA)','CMPNGL63C63F839N'),(33,'CASTELLI','SERGIO',NULL,'MILANO','CSTSRG60B02F205I'),(34,'DE GIORGI','TIZIANA',NULL,'SVIZZERA (EE)','DGRTZN71B47Z133U'),(35,'DAVERIO','ANGELA',NULL,'VARESE (VA)','DVRNGL65S64L682F'),(36,'FIORBIANCO','DANIELA',NULL,'VARESE (VA)','FRBDNL77T47L682G'),(37,'GALANTE','GIUSEPPINA',NULL,'Trapani (TP)','GLNGPP57B63L331U'),(38,'GALASSO','FRANCESCO',NULL,'CISTERNINO (BR)','GLSFNC56C06C741X'),(39,'GIORGETTI','MARZIA',NULL,'VARESE (VA)','GRGMRZ74D54L682R'),(40,'GERVASINI','LAURA',NULL,'VARESE (VA)','GRVLNG61B42L682N'),(41,'IULIANO','ERIKA',NULL,'VARESE (VA)','LNIRKE81D42L682E'),(42,'LAURI','DELIA',NULL,'SALERNO (SA)','LRADLE72H49H703V'),(43,'AMICO','NUNZIATINA',NULL,'PALERMO','MCANZT79E44G273T'),(44,'MANENTI','NICOLETTA',NULL,'BUSTO ARSIZIO (VA)','MNNNLT57R64B300J'),(45,'MARCALETTI','SABINA',NULL,'VARESE (VA)','MRCSBN66B49L682A'),(46,'MERLO','MARIA LUISA',NULL,'NOVARA','MRLMRA61S67F952Q'),(47,'MARINO','ANGELA',NULL,'PALMA DI  MONTECHIARO','MRNNLF59D49G282Z'),(48,'MERONI','SUSANNA',NULL,'VARESE (VA)','MRNSNN65B46L682C'),(49,'MARZANO','EMMA',NULL,'SIDERNO (RC)','MRZMME59C61I725J'),(50,'NARESSI','ANGELA',NULL,'VARESE (VA)','NRSNGL61C66L82N'),(51,'NESPOLI','CARLA ROSA',NULL,'GAVIRATE (VA)','NSPCLR55E53D946Q'),(52,'PUCCI ','MASSIMO',NULL,'VARESE','PCCMSM60H28L682I'),(53,'PINO','ROSY',NULL,'BARCELLONA POZZO DI GOTTO (ME)','PNIRYD77S54A638K'),(54,'PAVESE','BRUNO',NULL,'VALLATA (AV)','PVSBRN67M30L589Z'),(55,'ROMA','MAURIZIO',NULL,'SQUINZANO (LE)','RMOMRZ64P22I930I'),(56,'ROSSI FLEMATTI','NICOLE',NULL,'VARESE (VA)','RSSNCL83E61L682N'),(57,'SABATINO','CARMELA',NULL,'CASTELLAMMARE DI STABIA (NA)','SBTCML66P69C129E'),(58,'SCHENA','CLAUDIO',NULL,'BRINDISI','SCHCLD55L26B180L'),(59,'SESSA','FRANCESCA',NULL,'VARESE (VA)','SSSFNC72D5LL682J'),(60,'TOMASETTO','LORENA',NULL,'MORNAGO (VA)','TMSLRN68D49F736J'),(61,'TUNDO','STEFANIA',NULL,'VARESE','TNDSFN78A58L682L'),(62,'VENTURINI','FLAVIA',NULL,'CARNAGO (VA)','VNTFLV60M69B796N'),(63,'MAZZUCCHELLI','ELISA',NULL,'Tradate',' MZZLSE67D50L319M '),(64,'BANO','LILIANA',NULL,'VARESE','BNALLN63A62L682H'),(65,'BIANCHI ','GABRIELE',NULL,'LA SPEZIA','BNCGRL60T07E463L'),(66,'BARBATO ','ANNA',NULL,'ACERRA (NA)','BRBNNA55E43A024W'),(67,'BRUSA','Maura',NULL,'VARESE','BRSMRA54R64L682Y'),(68,'BOSSI','ROSSELLA',NULL,'VARESE','BSSRSL62S69L682J'),(69,'CANNELLA','SILVIA',NULL,'GALLARATE','CNNSLV64A71D869B'),(70,'DE VINCENZI','ESTER',NULL,'ERICE (TP)','DVNSTR78D49D423T'),(71,'DOVESI','SERGIO',NULL,'BOLOGNA','DVSSRG56E30A944I'),(72,'FIAMENGHI','ELENA SILVIA',NULL,'Tradate','FMNLSL68A43L319Y'),(73,'FATONE','LUCIA ANTONIETTA',NULL,'SAN GIOVANNI ROTONDO (FG)','FTNLNT58M51H926J'),(74,'GALLI','CRISTINA',NULL,'MILANO','GLLCST68C57F205G'),(75,'GIANOGLIO','FILOMENA',NULL,'RECALE (CE)','GNGFMN67S49H210W'),(76,'GIANGRANDE','ANGELA',NULL,'ERCHIE (BR)','GNGNGL65A51D422X'),(77,'MANNA','DARIO',NULL,'PIANO DI SORRENTO (NA)','MNNDRA71E01G568D'),(78,'MONASTERO','GIOVANNA',NULL,'SCIACCA (AG)','MNSGNN65B47I533Y'),(79,'MONTELEONE','LOREDANA',NULL,'DELIANUOVA (RC)','MNTLDN61A42D268F'),(80,'IMPERIALI ','CINZIA MARIA',NULL,'Tradate','MPRCZM68C41L319U'),(81,'MURA','SABRINA',NULL,'LUINO (VA)','MRUSRN73S56E734T'),(82,'RODA\'','BRUNA',NULL,'MELITO DI PORTO SALVO (RC)','RDOBRN64S45F112Z '),(83,'ORIOLI','LARA',NULL,'VARESE','RLOLRA70A51L682H'),(84,'RESTELLI','MICHELINA',NULL,'Busto Arsizio','RSTMHL53D69B300J'),(86,'SCIARRONE','OMBRETTA',NULL,'VARESE','SCRMRT70T62L682M'),(87,'SANDRINI','IDA',NULL,'VARESE','SNDDIA59S60L682E'),(88,'SARUGGIA','ROMILDA',NULL,'VARESE','SRGRLD64A63L682K'),(89,'ZANARDO','NICOLETTA',NULL,'VARESE','ZNRNLT58H67L682Y'),(90,'SPERONI','LUCIANO',NULL,'BUSTO ARSIZIO','SPRLCN54D09B300O'),(91,'MEDICI','GABRIELLA',NULL,'MILANO','MDCGRL57S42F205L'),(92,'TERRUZZI','ANNALISA',NULL,'MILANO',' TRRNLS61H41F205E'),(93,'BELLONI','ROSSELLA',NULL,'VARESE','BLLRSL64A53L682W'),(94,'BOSSI','MARIA',NULL,'VARESE','BSSMRA57S54L682F'),(95,'COCQUI','GIUSEPPINA',NULL,'VARESE (VA)','CCQGPP56D53L682K'),(96,'CHINOSI','CHIARA',NULL,'VARESE','CHNCHR67A48L682X'),(97,'COA','TIZIANA',NULL,'ISOLA DELLA SCALA (VR)','COATNF56S57E349X'),(98,'CERESA','MARIA CRISTINA',NULL,'VARESE','CRSMCR68B51L682F'),(99,'D\'AMBROGIO','DARIA',NULL,'POTENZA','DMBDRA72C41G942Q'),(100,'DANZI','SILAVANO',NULL,'VARESE','DNZSVN62B20L682N'),(101,'DE TOMI','ANTONELLA',NULL,'VARESE','DTMNNL70D67L682S'),(102,'FICHERA','ANGELA',NULL,'VARESE','FCHNGL69E71L682U'),(103,'FIORENZA','CARLA',NULL,'CUNARDO','FRNCRL70S60D204U'),(104,'LIA','ANNA MARIA',NULL,'VARESE','LIANMR64C57L682Q'),(105,'LONZI','PATRIZIA',NULL,'SANT\'ELPIDIO A MARE (AP)','LNZPRZ53C44I324S'),(106,'MACCHI','ANNA',NULL,'VARESE','MCCNNA65S66L682U'),(107,'MADDALENA','MIRELLA',NULL,'IVREA (TO)','MDDMLL66S68E379W'),(108,'MANZONI','DANIELA',NULL,'MILANO','MNZDNL62P46F205U'),(109,'MARTINATO','GABRIELE',NULL,'LECCO','MRTGRL81D23E507O'),(110,'PELLEGRINO','ROSA',NULL,'CROTONE (KR)','PLLRSO76M54D122W'),(111,'PEREGO','PAOLA',NULL,'VARESE','PRGPLA69B62L682Y'),(112,'PISCIOTTANO','CARMEN',NULL,'OGLIASTRO CILENTO(SA','PSCCMN59A67G011J'),(113,'RUBINO','MIRELLA',NULL,'TARANTO','RBNMLL52L45L049Z'),(114,'RICCARDI','ELISABETTA',NULL,'VARESE','RCCLBT55D57L682B'),(115,'REALE','MARIA CARMELA',NULL,'SIRACUSA (SR)','RLEMCR69B51I754A'),(116,'SANTORO','DONATELLA',NULL,'MONZA','SNTDTL56A65F704H'),(117,'SERAFINI','RITA',NULL,'VARESE','SRFRTI72H46L682T'),(118,'SAVINO','NICOLE',NULL,'LUINO (VA)','SVNNCL77S52E734F'),(119,'TANCO','BENEDETTA',NULL,'VARESE','TNCBDT78S45L682W'),(120,'TROMBETTA','SILVIA',NULL,'VARESE','TRMSLV59T56L682F'),(121,'VOLONNINO','FILOMENA',NULL,'BARILE (PZ)','VLNFMN70R66A666D'),(122,'ZARDINI','NADIA',NULL,'VARESE','ZRDNDA65E64L682U'),(123,'PAPA','SILVANA',NULL,'Varese',' PPASUN58E49L682Y '),(124,'BENETTI','PAOLA',NULL,'VERONA','BNTPLA61T58L781G'),(125,'CHISARI','MARIA NUNZIA',NULL,'Catania','CHSMNN70C42C351K'),(126,'CHISESI','MARIA ANTONINA',NULL,'Contessa Entellina (PA)','CHSMNT65E59C968W'),(127,'CAMMARATA','MARIANGELA',NULL,'Salemi (TP)','CMMMNG78H43H700V'),(128,'CANTOREGGI','ENRICO',NULL,'VARESE','CNTNRC52E05L682B'),(129,'CATELLA','GIULIA',NULL,'Varese','CTLGLI79D61L682U'),(130,'DE BERNARDI','LAURA',NULL,'VARESE','DBRLRA68P56L682Q'),(131,'D\'AFFUSO','MARIA',NULL,'Policoro (MT)','DFFMRA74A52G786T'),(132,'DOSSI','FIORENZO',NULL,'ANGERA (VA)','DSSFNZ58P11A290X'),(133,'DISTEFANO','FRANCESCO',NULL,'PARTANNA (TP)','DSTFNC55C10G347V'),(134,'FLORIS','DOMENICA',NULL,'Lagonegro (PZ)','FLRDNC74T56E409Q'),(135,'MUNARETTI','EMANUELA',NULL,'VARESE ','MNRMNL59B59L682N'),(136,'MIRAGLIA','DANIELE',NULL,'CITTIGLIO','MRGDNL82L23C751M'),(137,'MOTTA','GAETANO',NULL,'SIRACUSA (SR)','MTTGTN54H22I754I'),(138,'MOTTOLA','ALESSIA',NULL,'Tradate (VA)','MTTLSS72D48L319Z'),(139,'PELLEGRINO','LIBERA',NULL,'MANFREDONIA (FG)','PLLLBR60E51E885P'),(140,'RIGHI ','VALERIA',NULL,'VARESE (VA)','RGHVLR64P53L682Q'),(141,'SPITERI','ANGELO',NULL,'CATANIA (CT)','SPTNGL59R07C351L'),(142,'CERVINI','LICIA',NULL,'VARESE','CRVLCI59E53L682I'),(143,'DALLA FIORE','LAURA',NULL,'VARESE','DLLLRA64A64L682L'),(144,'DI LORENZO','ANNA MARIA',NULL,'BESANA IN BRIANZA(MB)','DLRNMR70S49A818L'),(145,'POZZI','MARIA IRIDE',NULL,'CASCIAGO(VA)','PZZMRD69R47B949S'),(146,'RIZZI','ROBERTO',NULL,'BESOZZO','RZZRRT53C07A826S'),(147,'DANESE','NICOLETTA',NULL,'GALLARATE','DNSNLT66H47D869U'),(148,'RIBONI','MAURO',NULL,'JERAGO CON ORAGO(VA)','RBNMVT53H16E386X'),(149,'MARASCHIELLO','ANGELO',NULL,'CANDELA(FG)','MRSNGL5606B584W'),(150,'CICCARDI','MARIA CONCETTA',NULL,'SIRACUSA (SR)','CCCMCN58M52I754A'),(151,'CANZIANI','ROSANGELA',NULL,'LONATE POZZOLO','CNZRNG55H59E666D'),(152,'ADDARII','MATILDE',NULL,'NERETO -TE-','DDRMLD58C68F870Q'),(153,'DI LUCIANO ','MARIA',NULL,'MIRABELLA IMBACCARI (CT)','DLCMRA55C53F231N'),(154,'DE LAURENTIS','STEFANO',NULL,'AVELLINO (AV)','DLRSFN57H24A509W'),(155,'DI LASCIO','ANTONIA',NULL,'LATRONICO (PZ)','DLSNTN52C51E474U'),(156,'FUSCALDO','ADELE',NULL,'BUSTO ARSIZIO','FSCDLC69T51B300T'),(157,'LAPENTA','MARISA',NULL,'STIGLIANO (MT)','LPNMRS79E67I954W'),(158,'MAFRICI ','VITTORIO EMANUELE',NULL,'MELITO DI PORTO SALVO (RC)','MFRVTR74L23F112Y'),(159,'MASSIRONI','MARIELLA',NULL,'MILANO','MSSMLL58C60F205B'),(160,'POGLIANA','PATRIZIA',NULL,'LEGNANO (MI)','PGLPRZ54C57E514C'),(161,'RUSSO','ALBINA',NULL,'GALLARATE','RSSLBN58S66D869J'),(162,'SOLDANO','ROSA ANNA',NULL,'TORREMAGGIORE (FG)','SLDRNN53L61L273G'),(163,'SONTORO ','CATERINA',NULL,'ROSSANO (CS)','SNTCRN58P62H579P'),(164,'SANTI','FRANCESCA',NULL,'ANCONA','SNTFNC61M62A271T'),(165,'SERVENTI','SARA',NULL,'BUSTO ARSIZIO','SRVSRA75T42B300P'),(166,'TAPELLA ','MASSIMO',NULL,'GALLARATE -VA-','TPLMSM58P15D869A'),(167,'VIETTI','ALESSANDRA',NULL,'BUSTO ARSIZIO','VTTLSN74D61B300S'),(168,'BUSSOLA','FABRIZIO',NULL,'BUSTO ARSIZIO','BSSFRZ57T12B300N'),(169,'LEONE','GIOVANNA',NULL,'PALERMO','LNEGNN56E43G273Z'),(170,'MAIURRI','ANGELA',NULL,'LEGNANO (MI)','MRRNLN63B58E514M'),(171,'MINERVINI','MARIA CRISTINA',NULL,'MOLFETTA(BA)','MNRMCR59A68F284S'),(173,'SONNINO','ELISA',NULL,'BUSTO ARSIZIO','SNNLLD73P64B300G'),(174,'CASTIGLIONI','ARNALDO',NULL,'BUSTO ARSIZIO','CSTRLD52E02B300V'),(175,'CASTIGLIONI','MARCO',NULL,'BUSTO ARSIZIO','CSTMRC61L12B300Q'),(176,'DALLA VALLE','CLAUDIA',NULL,'COMO','DLLCLD65P44C933W'),(177,'GELSOMINO','MATTIA',NULL,'MANFREDONIA(FG)','GLSMTT63C61E885A'),(178,'PELLAI','ALESSANDRA',NULL,'LEGNANO (MI)','PLLLSN63M54E514B'),(179,'SEMOVENTA','ENRICA',NULL,'VARESE','SMVNRC63E45L682K'),(180,'SPINELLI','VALERIA',NULL,'VARESE','SPNVLR68A42L682F'),(181,'VIDOTTO','LISETTA',NULL,'NMILANO','VDTLTT53S69F205T'),(182,'SESSO','MARINA',NULL,'BUSTO ARSIZIO','SSSMRN68E49B300L'),(183,'BENCIVENGA','MARIA DOMENICA',NULL,'Giugliano in Campania (NA)','BNCMDM59P43E054A'),(184,'BONELLI','MAURIZIO',NULL,'SOMMA LOMBARDO','BNLMRZ55H12I819W'),(185,'BARANZINI','NADIA',NULL,'ARONA (NO)','BRNNDA66P58A429H'),(186,'CAPPELLETTI','GIUSEPPE',NULL,'VARESE','CPPGPP57B11L682D'),(187,'CASSANI','MARINA',NULL,'VARESE','CSSMRN54L71L682F'),(188,'FABBRI','SILVIA',NULL,'GALLARATE','FBBSLV55A52D869F'),(189,'GINELLI','GIOVANNA',NULL,'VARESE','GNLGNN64B62L682K'),(190,'GARAVAGLIA','PIERO',NULL,'GALLARATE','GRVPRI57R31D869X'),(191,'LEONARDI','MARIA',NULL,'CASTELVETRANO','LNRMRA69T53C286V'),(192,'LATTUADA','ETTORE MAURIZIO',NULL,'GALLARATE','LTTTRM55C18D869M'),(193,'MACCHI','GIOVANNI',NULL,'Gallarate (VA)','MCCGNN57R14D869V'),(194,'MIRAGLIA','ROSARIO',NULL,'TERMINI IMERESE (PA)','MRGRSR58E11L112O'),(195,'MARRAPODI','FELICE',NULL,'MELITO DI PORTO SALVO (RC)','MRRFLC57E18F112K'),(196,'NICOLUCCI','CARMELINA',NULL,'PESCARA','NCLCML58P69G482G'),(197,'NICORA','LOREDANA',NULL,'Varese','NCRLDN61L63L682D'),(198,'PURICELLI','AURELIANO',NULL,'GALLARATE','PRCRLN69H24D869E'),(199,'RUFFONI','PAOLA',NULL,'LONDRA','RFFPLA63B55Z114M'),(200,'SESSA','GIANNI',NULL,'CASALE LITTA','SSSGNN57H19B875Y'),(201,'TORNO','ALESSANDRO',NULL,'Busto Arsizio (VA)','TRNLSN58S20B300C'),(202,'VINCI','VILMA',NULL,'AGRIGENTO','VNCVLM59R46A089O'),(203,'ZOBBI','MARIANGELA',NULL,'SOMMA LOMBARDO','ZBBMNG62E70I819P'),(204,'GUZZETTI','ANNALISA',NULL,'Saronno (VA)',' GZZNLS64P45I441C  '),(205,'BUFFONI','GIULIO',NULL,'GERENZANO','BFFGLI61E07D981G'),(206,'BOGANI','NADIA',NULL,'TRADATE (VA)','BGNNDA70T57L319J'),(207,'UBOLDI','ROBERTO',NULL,'Tradate (VA)','BLDRRT84R14L319N'),(208,'BELLOTTO','SILVIA',NULL,'Varese','BLLSLV77R67L682W'),(210,'BARBIERI','PATRIZIA',NULL,'Varese','BRBPRZ60B58L682N'),(211,'BOSETTI','MARIA TERESA',NULL,'Varese','BSTMTR64D45L682B'),(212,'COCOZZELLO','ANTONIO GERARDO',NULL,'LACEDONIA','CCZNNG69H11E397S'),(213,'CASTIGLIONI','AMBROGIO',NULL,'CUGGIONO (MI)','CSTMRG63M25D198P'),(214,'DI GIORGIO GIANNITTO','MARIA',NULL,'Caronia (ME)','DGRMRA60C51B804R'),(215,'FUSETTI ','ORIETTA',NULL,'SARONNO','FSTRTT59L70I441U'),(216,'GIGLIA','GIACOMA',NULL,'Messina','GGLGCM72L44F158J'),(217,'LEBOTTI','SILVIA',NULL,'Tradate (VA)','LBTSLV79P54L319P'),(218,'MILANI','ELISABETTA',NULL,'TRADATE','MLNLBT57P45L319D'),(219,'MONTI','PIERANGELA',NULL,'Tradate (VA)','MNTPNG71L67L319P'),(220,'MORANDI','FERNANDA  ',NULL,'GARBAGNATE M.SE (MI)','MRNFNN57M62D912Q'),(221,'MAZZUCCHELLI','MARIA ROSA',NULL,'Morazzone VA)','MZZMRS61A45F711F'),(222,'NAPOLITANO','MARCO',NULL,'NAPOLI','NPLMRC68D18F839D'),(223,'PACCAGNAN','DANIELE',NULL,'LIMBIATE','PCCDNL59P20E591U'),(224,'PENCARELLI ','GASTONE',NULL,'SENIGAGLIA (AN)','PNCGTN54P04I608V'),(225,'ROVEDA','VALENTINA',NULL,'MILANO','RVDVNT68D53F205F'),(227,'RUZZON','LORENA AGNESE',NULL,'Gallarate (VA)','RZZLNG62B52D869N'),(229,'ESPOSITO','CARMELA',NULL,'Pomigliano D\'Arco (NA)','SPSCML75B64G812I'),(230,'SERVADIO','DANILO',NULL,'Bolzano (BZ)','SRVDNL55T01A952G'),(231,'VOLONTE ','CHIARA',NULL,'Saronno (VA) ','VLNCHR58P54I441G'),(232,'VISCONTI','FERRUCCIO',NULL,'Saronno (VA) ','VSCFRC56D13I441Z'),(234,'BOERCHI','CRISTINA',NULL,'Gavirate ',' BRCCST59P49D946S'),(235,'BONA','VIVIANA',NULL,'GELA','BNOVVN63H45D960V'),(236,'BARDELLI','ANNA',NULL,'VARESE (VA)','BRDNNA58D51L682Z'),(237,'COLOMBO','GIORGIO',NULL,'VARESE','CLMGRG59L03L682W'),(238,'DONATO','LUIGI',NULL,'VARESE','DNTLGU58H21L682D'),(241,'GENTILE','GIACOMINA',NULL,'Ortona dei Marsi (AQ)','GNTGMN59D64G142I'),(242,'GENOVESE','DOMENICO ',NULL,'Messina','GNVDNC61L18F158C'),(243,'LELII','EUGENIO',NULL,'NERETO (TE)','LLEGNE53P28F870W'),(244,'MAGADINI','LUCIANA',NULL,'VARESE','MGDLCN55P64L682F'),(245,'MONACO','ROSANNA',NULL,'SVIZZERA (EE)','MNCRNN70A47Z133E'),(246,'MONTONATI','LUCIA',NULL,'COMERIO','MNTLCU66M59C922U'),(247,'ANTONETTI','MARCO',NULL,'VARESE','NTNMRC60B24L682Q'),(249,'ROSSINI','PAOLA',NULL,'MILANO','RSSPLA57S62F205T'),(250,'SOLDATI','ROSARIA',NULL,'LUINO (VA)','SLDRSR66R51C734N'),(251,'SONVICO','CLAUDIA MARIA',NULL,'CITTIGLIO','SNNCDM73E48C751C'),(253,'VETTARO','MARIA',NULL,'Varese','VTTMRA57P53L682H'),(254,'GAZZOTTI','GIUSEPPE',NULL,'VARESE','GZZGPP55H12L682L'),(255,'BULGHERONI','DANIELA',NULL,'COMO','BLGPDN52B45C933W'),(256,'BONFANTI','LIANA',NULL,'CARNAGO','BNFLNT56M49B796N'),(257,'BARALDO','GIOVANNA',NULL,'VENEGONO (VA)','BRLGNN57B50L732S'),(258,'BRUN','LAURA',NULL,'TRADATE (VA)','BRNLRA82S70L319H'),(259,'CRESPI','NICOLETTA',NULL,'TRADATE (VA)','CRSNLT64M59L319R'),(260,'IACOVIELLO ','EVA FIORELLA',NULL,'GROTTAMINARDA (AV)','CVLVRL52L64E206Y'),(261,'DI BELLA ','ANTONINO',NULL,'Trapani (TP)','DBLNNN55R14L331L'),(262,'DE GIORGI','BARBARA',NULL,'VARESE','DGRBBR63H61L682P'),(263,'D\'ONOFRIO','ANNUNZIATA',NULL,'MAZARA DEL VALLO (TP)','DNFNNZ62M54F061W'),(264,'DISCACCIATI','MARIA CRISTINA',NULL,'VARESE','DSCMCR53P44L682F'),(265,'FLISI','AMANDA',NULL,'CREMONA','FLSMND71P45D150O'),(266,'GASPARINI','MARISA',NULL,'BEDONIA (PR)','GSPMRS52D63A731Z'),(267,'LUNARDI','MICHELA',NULL,'BRASILE','LNRMHL53T46Z602D'),(268,'LEPORI','PAOLA',NULL,'TRADATE (VA)','LPRPLA65M67L319R'),(269,'NEGRI','LUIGIA',NULL,'TRADATE (VA)','NGRLGU63C42L319W'),(270,'NEGRI','LILIANA',NULL,'TRADATE (VA)','NGRLLN61D46L319O'),(271,'NAVA','MARIA CAMILLA',NULL,'SARONNO (VA)','NVAMCM65E43I441C'),(272,'PAGGI','CRISTIANO',NULL,'MENDRISIO (EE)','PGGCST76E30Z133Y'),(273,'PELOSIN','STEFANIA',NULL,'TRADATE (VA)','PLSSFN71H69L319Q'),(274,'REGAIOLO','LUCIO',NULL,'MILANO','RGLLCU58T11F205J'),(275,'TENTI','ELENA',NULL,'TRADATE (VA)','TNTLNE55L56L319C'),(276,'TAVERNA ','IVANA',NULL,'TRADATE (VA)','TVRVNI60C48L319T'),(277,'VALENTE ','PAOLA',NULL,'GENOVA (GE)','VLNPLA67R70D969T'),(278,'ZIGLIOLI','PAOLA',NULL,'TRADATE (VA)','ZGLPLA63A50L319N'),(279,'MOSCHENI','MAURIZIO',NULL,'Busto Arsizio',' MSCMRZ55T25B300M'),(280,'RIZZOTTO','ERMENEGILDO',NULL,'Samarate',' RZZRNG55E09H736H'),(281,'BELLONI','GIOVANNI',NULL,'VARESE','BLLGNN56R17L682I'),(282,'BELLOTTI','LUIGI',NULL,'BUSTO ARSIZIO','BLLLGU58S12B300F'),(283,'BANDERA ','GIOVANNA',NULL,'Busto Arsizio','BNDGNN65C56B300J'),(284,'BATTAINI','CARLO',NULL,'Malnate','BTTCRL59P07E863C'),(285,'COLOMBO','PAOLA',NULL,'BUSTO ARSIZIO','CLMPLA58C41B300O'),(286,'CALZONE','GIUSEPPE',NULL,'Roccabernarda -Kr-','CLZGPP57A03H383Q'),(287,'CAMPO','ANNA MARIA',NULL,'ALCAMO','CMPNMR61R55A176C'),(288,'CONTE','FRANCESCO',NULL,'BUSTO ARSIZIO (VA)','CNTFNC59M02B300J'),(289,'COPPINI','GIOVANNA',NULL,'CASTELLANZA','CPPGNN67H42C139G'),(290,'CASALE','LUCIANA',NULL,'Sala Consilina (SA)','CSLLCN54P51H683O'),(291,'COZZI','CARLA MARIARITA',NULL,'BUSTO A.','CZZCLM60L45B300M'),(292,'FALCIANI','LUISELLA',NULL,'BUSTO A.','FLCLLL63A59B300F'),(293,'GARBUZZI','ROBERTA',NULL,'SOMMA LOMBARDO','GRBRRT62P43I819A'),(294,'GRISONI','DANIELA',NULL,'VARESE','GRSDNL61A61L682K'),(295,'LEONI','NICOLETTA',NULL,'BUSTO ARSIZIO','LNENLT59E43B300J'),(296,'LOSANNA','LOREDANA',NULL,'BRESCIA','LSNLDN53P63B157Y'),(297,'MEDEGHINI','PAOLA',NULL,'GALLARATE','MDGPLA64M49D869K'),(298,'MAZZAFERRO','DOMENICA',NULL,'GIOIA TAURO','MZZDNC59T47E041B'),(299,'MAZZOLI','MONICA',NULL,'Roma','MZZMNC60P64H501X'),(300,'PAGLIUCA','ALFONSO',NULL,'TUFO (Av)','PGLLNS54A06L461R'),(301,'PAGANINI','EMANUELA',NULL,'BUSTO ARSIZIO','PGNMNL64D69B300E'),(302,'RICCARDI','PAOLA',NULL,'BARI','RCCPLA61D43A662Q'),(303,'ORLANDI','ALESSANDRA',NULL,'GALLARATE','RLNLSN57D59D869V'),(304,'ZANCHI','GRAZIANO',NULL,'Cancello ed Arnone','ZNCGZN58A05B581K'),(305,'CONFORTI','MONICA',NULL,'VARESE','CNFMNC62D59L682Y'),(306,'SOMMARUGA ','CARLA',NULL,'CASSANO MAGNAGO(VA)','SMMCRL63B45C004G'),(307,'TROLIO','SIMONA',NULL,'BUSTO ARSIZIO','TRLSMN71M70B300H'),(308,'BERGOMI','SIMONA',NULL,'Varese','BRGSMN75C52L682B'),(309,'BARLOCCI','PAOLA',NULL,'Varese','BRLPLA63E49L682B'),(310,'CARPANESE','VALENTINA',NULL,'Varese','CRPVNT82M64L682W'),(311,'CRESPI','ANNA',NULL,'Tradate (VA)','CRSNNA61C66L319T'),(312,'COSENTINO','ANNA',NULL,'Sellia Marina (CZ)','CSNNNA55L48I590W'),(313,'CAIAZZO','MARIA CHIARA',NULL,'Napoli','CZZMCH73D42F839F'),(314,'DE FAZIO','SERAFINA',NULL,'Sambiase (CZ)','DFZSFN59S46H742J'),(315,'FALCETTI','CARLA MARIA',NULL,'Varese','FLCCRL73A46L682Z'),(316,'FLOREANI','LUCA',NULL,'VARESE','FLRLCU62S06L682V'),(317,'FAVARETTO','ANGELA',NULL,'Varese','FVRNGL63C65L682G'),(318,'GECHELE','MARA',NULL,'Tradate (VA)','GCHMRA75T61L319G'),(319,'GALPAROLI','ENRICA',NULL,'Tradate (VA)','GLPNRC57D44L319C'),(320,'ALBERTINI','MONICA',NULL,'Varese','LBRMNC64P52L682O'),(321,'LISCHETTI','CRISTINA',NULL,'Varese','LSCCST75R42L682I'),(322,'AMODEO','MARIA CINZIA',NULL,'Fondachelli-Fantina (ME)','MDAMCN73E58D661Z'),(323,'MOLINA','MARZIA',NULL,'Varese','MLNMRZ58H46L682I'),(324,'MANCUSO','SABINA',NULL,'Tradate (VA)','MNCSBN72L42L319J'),(325,'MONTOLI','CECILIA',NULL,'Milano','MNTCCL65M57F205Q'),(326,'MATERNINI','CKATRINE',NULL,'Tradate (VA)','MTRCTR71H68L319W'),(327,'MATARAZZO','MANUELA',NULL,'Mugnano di Napoli','MTRMNL79E55F799L'),(328,'RIMOLDI','VILLIAM',NULL,'SARONNO (VA)','RMLVLM59S05I441Z'),(329,'ROMAN','VALERIA',NULL,'Varese','RMNVLR72D53L682D'),(330,'SACCHETTO','CELESTINA',NULL,'Busto Arsizio (VA)','SCCCST63E58B300I'),(331,'SAMBIASE','ANTONELLA',NULL,'Tropea (VV)','SMBNNL77H44L452W'),(332,'SAMMARTINI','ROBERTA',NULL,'Tradate (VA)','SMMRRT62C67L319P'),(333,'SIMONETTO','VERONICA',NULL,'Tradate (VA)','SMNVNC78T43L319V'),(334,'SINOPOLI','LAURA',NULL,'Tradate (VA)','SNPLRA74R45L319D'),(335,'TREMOLADA','SIMONETTA',NULL,'Busto Arsizio -VA-','TRMSNT67S48B300Q'),(336,'VANERIO','ALESSANDRA',NULL,'Tradate (VA)','VNRLSN67M51L319W'),(337,'GRASSI','CLAUDIO',NULL,'Saronno VA ',' GRSCLD60L16I441F'),(338,'ZANZI','PIETRO',NULL,'Varese',' ZNZPTR56M01L682Z'),(339,'BAGLIVO','CARMELO',NULL,'LECCE','BGLCML58S09E506X'),(340,'BANFI','LUIGI',NULL,'SARONNO','BNFLGU59E03I441B'),(341,'BARDELLI','SILVIA',NULL,'TRADATE','BRDSLV64B49L319V'),(342,'BORRONI','MONICA',NULL,'Tradate VA','BRRMNC70E50L319B'),(343,'BOZZOLA','ANGELO MARIA',NULL,'Saronno','BZZNLM62L24I441A'),(344,'CACCINI','ANGELA',NULL,'Milano','CCCNGL59S53F205Q'),(345,'COCQUIO','ALESSANDRA',NULL,'Varese','CCQLSN63H59L682T'),(346,'CROCI CANDIANI ','CHIARA',NULL,'LEGNANO (MI)','CRCCHR61L49E514F'),(347,'CRESPI ','ANNA',NULL,'TRADATE','CRSNNA58E41L319L'),(348,'COSTANTINO','MARINELLA',NULL,'TRAPANI','CSTMNL56M61L331O'),(349,'CASTELLI','VANDA',NULL,'SARONNO','CSTVND61L45I441J'),(350,'DAVIDE','LAURA MARIA',NULL,'MILANO','DVDLMR58S46F205A'),(351,'FABBRO','PAOLO',NULL,'Varese','FBBPLA64D08L682N'),(352,'FRISOLI','LEO',NULL,'FOGGIA','FRSLEO54D16D643P'),(353,'FORESE','ROBERTO',NULL,'TRADATE','FRSRRT56R06L319M'),(354,'GILBERTI','ANNA LUIGIA',NULL,'Milano','GLBNLG55P55F205H'),(355,'GILBERTI','PAOLA',NULL,'Milano','GLBPLA57A69F205M'),(356,'JETTI','ALESSANDRA',NULL,'MILAZZO','JTTLSN63D54F206Y'),(357,'MARTINELLI','MORENO',NULL,'VARESE','MRTMRN64C04L682Y'),(358,'PACIFICO','MASSIMO',NULL,'Sulmona','PCFMSM56T01I804T'),(359,'PEDETTI','ANNA',NULL,'VARESE','PDTNNA60M54L682J'),(360,'PAGANINI','ROMANO',NULL,'Cislago','PGNRMN62L29C732S'),(361,'PASETTI','RENATO',NULL,'LIMBIATE','PSTRNT59B06E591Y'),(362,'PUTZU ','DANIELA',NULL,'CAGLIARI','PTZDNL61P47B354L'),(363,'ORLANDI','DARIO',NULL,'VARESE','RLNDRA58T28L682P'),(364,'RENNA','GABRIELLA',NULL,'TRADATE','RNNGRL68E42L319R'),(365,'ROVELLINI','ANNALISA',NULL,'Varese','RVLNLS62C56L682T'),(366,'TENCONI','LAURA',NULL,'SARONNO','TNCLRA61M70I441K'),(367,'TRAVAGLIONE','ENZO',NULL,'Benevento','TRVNZE64M18A783O'),(369,'ZASSO','ADRIANO',NULL,'AGORDO','ZSSDRN52R07A083D'),(370,'MOSCA','CRISTINA',NULL,'BOLLATE(MI)','MSCCST68T52A940R'),(372,'BALSAMO','GIUSEPPE',NULL,'VARESE','BLSGPP59E15L682B'),(373,'BILATO','LINDA',NULL,'VARESE','BLTLND70P68L682N'),(374,'BARRANCO','MAURIZIO',NULL,'VARESE','BRRMRZ55C25L682R'),(375,'BOSETTI','GIUSEPPE',NULL,'Albizzate (VA)','BSTGPP55E31A167F'),(376,'CROCI ','NICOLETTA',NULL,'Varese','CRCNLT76P46L682R'),(377,'CRAMAROSSA ','ROSA',NULL,'MODUGNO (BA)','CRMRSO62P61F262A'),(378,'CAVION','MARIA ROSA',NULL,'VARESE','CVNMRS57R49L682U'),(379,'GAETA','RENATO',NULL,'NAPOLI','GTARNT59D24F839X'),(380,'MERONI','CRISTINA',NULL,'OGGIONO (LC)','MRNCST69B67G009H'),(381,'MASALA','ANNA',NULL,'Varese','MSLNNA59R50L682S'),(382,'PALAZZOLO','FABIO',NULL,'Varese','PLZFBA65B25L682M'),(383,'PINELLI','GIANFRANCO',NULL,'VARESE','PNLGFR61E10L682S'),(384,'PARMA','MARINELLA',NULL,'BERGAMO','PRMMNL53H56A794N'),(385,'PETTENON','VALERIA',NULL,'VARESE','PTTVLR62T57L682O'),(386,'AISA','MARIA LAURA',NULL,'FOLIGNO (PG)','SAIMLR56L48D653K'),(387,'SANTOLIQUIDO','MARIA GRAZIA',NULL,'MANFREDONIA','SNTMGR58H62E885U'),(388,'TERZAGHI','DONATELLA',NULL,'VARESE','TRZDTL56L55L682G'),(389,'ZATTA','ROBERTO',NULL,'VARESE','ZTTRRT60R29L682D'),(390,'NIDOLI','SARA',NULL,'VARESE','NDLSRA69L60L682X'),(391,'ALAMPI','PALMIRA',NULL,'SAPRI','LMPPMR63S56I422N'),(392,'ANTONELLI','SILVANA',NULL,'VARESE','NTNSVN58C42L682S'),(393,'ATTARDO','MARIA LUISA',NULL,'SIRACUSA','TTRMLS59D44I754A'),(394,'BACILIERI','SERENA',NULL,'VARESE','BCLSRN79T45L682L'),(395,'BALZARETTI','EMANUELA',NULL,'VARESE','BLZMNL59P45L682C'),(396,'BAZZI','FRANCO',NULL,'MELARA','BZZFNC52S21F095C'),(397,'BELLORINI','FEDERICA',NULL,'VARESE','BLLFRC57A45L682D'),(398,'BERTONI','ALBERTO',NULL,'VARESE','BRTLRT61A15L682J'),(399,'BIANCHI','CAMILLA',NULL,'VARESE','BNCCLL74H58L682G'),(400,'BISAZZA','PAOLA MARIA',NULL,'NOVARA','BSZPMR59B48F952Q'),(401,'BOLLINI','ALESSANDRA ',NULL,'VARESE','BLLLSN56C51L682P'),(402,'BOTTAZZO','ANTONIO ALESSANDRO',NULL,'MESAGNE','BTTNNL59M26F152T'),(403,'BROVELLI','MONICA',NULL,'TORRE DEL GRECO','BRVMNC67R70L259L'),(404,'BRUSAIOLI','ENRICO',NULL,'GENOVA','BRSNRC64D16D969P'),(405,'CAIANIELLO','ANTONIO',NULL,'GRAZZANISE','CNLNTN57T30E158Y'),(406,'CAMPAGNA','IGNAZIO',NULL,'BAGHERIA','CMPGNZ56T14A546Q'),(407,'CAPASSO','STEFANO',NULL,'SALERNO','CPSSFN53P23H703F'),(408,'CARENZO','FRANCO',NULL,'STROPPIANA','CRNFNC60M25I984H'),(409,'CASPANI','ILARIA',NULL,'LEGNANO','CSPLRI81E64E514U'),(410,'CASTELLI','RENATA ASSUNTA',NULL,'MORBEGNO','CSTRTS57C57F712F'),(411,'CECI','ELENA ANNA',NULL,'ANGERA','CCELNN72L66A290P'),(412,'CERRI','ENRICO',NULL,'LECCO','CRRNRC54P21E507F'),(413,'CERVINI','ROSANGELA',NULL,'CASTRONNO','CRVRNG55E65C343L'),(414,'CONCONI','MASSIMO',NULL,'SOMMA LOMBARDO','CNCMSM54T03I819Q'),(415,'CORTI','EMILIO',NULL,'VARESE','CRTMLE54H03L682G'),(416,'COSSIGNANI','MARIA CECILIA',NULL,'MONTEPRANDONE','CSSMCC71H67F591J'),(417,'D\'AGOSTO','ANNAMARIA',NULL,'EBOLI','DGSNMR55E62D390B'),(418,'DANI','GRAZIELLA',NULL,'VALDAGNO','DNAGZL61P45L551W'),(419,'DATO','MICHELE',NULL,'GIOIA TAURO','DTAMHL58P06E041L'),(420,'DE BONIS','GIANNA',NULL,'CIVITAVECCHIA','DBNGNN57A52C773B'),(421,'DE CARLI','SERGIO',NULL,'VARESE','DCRSRG53C03L682M'),(422,'DE FAZIO ','ANNA',NULL,'LAMEZIA TERME','DFZNNA80P67M208T'),(423,'DE ROBERTIS','LAURA',NULL,'MESSINA','DRBLRA63H68F158C'),(424,'DELLA ROCCA','LUIGI',NULL,'GALLIPOLI','DLLLGU66A19D883T'),(425,'DI LEO','MARINA',NULL,'BUSTO ARSIZIO','DLIMRN65A48B300T'),(426,'DI MASSA','ELISA',NULL,'VARESE','DMSLSE73A54L682C'),(428,'FALCHI','PIERVANNI',NULL,'GAVIRATE','FLCPVN60M04D946W'),(429,'FERRARIO','ALESSANDRA',NULL,'VARESE','FRRLSN67H63L682J'),(430,'FERRARO','FRANCO',NULL,'CORIGLIANO CALABRO','FRRFNC63L09D005V'),(431,'FILIPPELLI','ORLANDO',NULL,'TARSIA','FLPRND53H19L055W'),(432,'FOSCHINI','EVA',NULL,'BOLOGNA','FSCVEA52C65A944J'),(433,'FRANCIOSO','ANNA MARIA',NULL,'OSTUNI','FRNNMR57M64G187A'),(434,'GAETA','MARIA CLARA',NULL,'TERMINI IMERESE','GTASRN74R55L112I'),(435,'GUERRINI','ELISABETTA',NULL,'GAVIRATE','GRRLBT65C69D946J'),(436,'LANDONI','SILVIA',NULL,'LUINO','LNDSLV68P56E734Q'),(437,'LEO','ADRIANA',NULL,'VARESE','LEODRN60P47L682R'),(438,'LORUSSO','LEONARDO',NULL,'MODUGNO','LRSLRD62S06F262Q'),(439,'LUCIANI','FILOMENA',NULL,'COSENZA','LCNFMN56R62D086X'),(440,'MAFFEI','MARINA',NULL,'VARESE','MFFMRN57A45L682Q'),(441,'MAFFINA','CINZIA',NULL,'TRADATE','MFFCNZ63P56L319I'),(442,'MAIERON','FRANCESCO',NULL,'VARESE','MRNFNC66P15L682D'),(443,'MAIERON','CHIARA',NULL,'VARESE','MRNCHR68S65L682C'),(444,'MAIRA','LEONARDO',NULL,'MILAZZO','MRALRD66L02F206J'),(445,'MANDAS','GIOVANNILUCA',NULL,'TREVISO','MNDGNN64S07L407G'),(446,'MANIERO','PAOLO',NULL,'GALLARATE','MNRPLA63S25D869W'),(447,'MANISCALCO','VITO',NULL,'ERICE','MNSVTI60L28D423R'),(448,'MARCOLLI','RITA',NULL,'VARESE','MRCRTI67H48L682Y'),(449,'MARTINES','MANUELA LIA',NULL,'GALLARATE','MRTMLL58C60D869C'),(450,'MAZZUCCHELLI','LUISA',NULL,'MILANO','MZZLSU67B41F205C'),(451,'MIALI','ROSA',NULL,'MARTINA FRANCA','MLIRSO59S52E986B'),(452,'MIGLIERINI','GIULIANA',NULL,'VARESE','MGLGLN65E44L682C'),(453,'MIGLIORINI','CONSTANTIN',NULL,'POGGIBONSI','MGLCST74M09G752Y'),(454,'MILLEFANTI ','MARIA ANGELA',NULL,'SARONNO','MLLMNG58P70I441U'),(455,'MINIDIO','ANDREA',NULL,'TRADATE','MNDNDR72E06L319C'),(456,'MOLINARO','PASQUALE',NULL,'NICASTRO','MLNPQL55T06F888X'),(457,'MORDENTE','NADIA',NULL,'SALERNO','MRDNDA72T55H703O'),(458,'MOROSI','ERMANNO',NULL,'CITTIGLIO','MRSRNN51S12C751X'),(459,'NEGRO','MARIA ADA',NULL,'SALVE','NGRMRD55E48H729Y'),(460,'NICODEMI','FRANCESCA',NULL,'VARESE','NCDFNC52E60L682W'),(461,'NICOLAZZI','FRANCESCO',NULL,'TRADATE','NCLFNC52B10L319G'),(462,'NINCI','ROSALIA',NULL,'FIRENZE','NNCRSL62C43D612F'),(463,'PACCHETTI ','DONATA',NULL,'VARESE','PCCDNT63M47L682S'),(464,'PAROLA','VALERIO MARCELLO',NULL,'ISPRA','PRLVRM61P28E367J'),(465,'PERRUCCIO','ALESSANDRA',NULL,'REGGIO DI CALABRIA','PRRLSN78E43H224C'),(466,'PISCIOTTA','MAURIZIO',NULL,'VARESE','PSCMRZ64B25L682O'),(467,'PRIMERANO','ROSA',NULL,'NARDODIPACE','PRMRSO57A52F843R'),(468,'QUADRELLI ','ANNA MARIA',NULL,'COCQUIO TREVISAGO','QDRNMR53S62C810X'),(469,'RADINO','RAFFAELA',NULL,'BARILE','RDNRFL56D62A666P'),(470,'RAVALDINI','SILVIA',NULL,'SOMMA LOMBARDO','RVLSLV61A49I819L'),(471,'RELA','SONIA',NULL,'MORNAGO','RLESNO68C42F736B'),(472,'RESTELLI','LUISA',NULL,'VARESE','RSTLSU54M58L682Z'),(473,'REVELLI','CARLO',NULL,'GROSIO','RVLCRL51E20E200M'),(474,'RICCARDO','ANNA',NULL,'CANCELLO ED ARNONE','RCCNNA55E49B581S'),(475,'RIGIRETTI','DONATELLA',NULL,'CASTRONNO','RGRDTL56A68C343L'),(476,'RIZZI','MILENA',NULL,'SOMMA LOMBARDO','RZZMLN54D56I819W'),(477,'ROSA','ROBERTO',NULL,'GALLARATE','RSORRT55B14D869C'),(478,'SABATO','GIULIA ',NULL,'PUTIGNANO','SBTGLI76A41H096B'),(479,'SANSONE','VINCENZA',NULL,'NAPOLI','SNSVCN77R69F839B'),(480,'SAVINO','MARIA GRAZIA',NULL,'MILANO','SVNMGR61S61F205Y'),(481,'SCARABELLI','LUCA',NULL,'TRADATE','SCRLCU65T04L319L'),(482,'SCAZZOSI','GABRIELE',NULL,'VARESE','SCZGRL55H02L682L'),(483,'SCHEMBARI','SERAFINO',NULL,'RAGUSA','SCHSFN57P16H163E'),(484,'SEVERI','ALESSIA',NULL,'ROMA','SVRLSS70M43H501S'),(485,'SILIPO','RACHELINA',NULL,'PETILIA POLICASTRO','SLPRHL57C41G508I'),(486,'SPERTINI','DONATELLA',NULL,'LAVENO MOMBELLO','SPRDTL56L66E496O'),(488,'STALLONE','CATERINA',NULL,'CASTELVETRANO','STLCRN79E48C286Q'),(489,'TALAMONA','MARIA',NULL,'VARESE','TLMMRA67A49L682U'),(490,'TAMBURINI','VINCENZO',NULL,'VARESE','TMBVCN57C29L682W'),(491,'TURATO','NADIA',NULL,'SAN GIORGIO DELLE PERTICHE','TRTNDA56T64H893Z'),(492,'UBALDI      ','CLARITA',NULL,'ARCOLA','BLDCRT52H41A373A'),(493,'ULIVIERI','PAOLA',NULL,'VARESE','LVRPLA69D45L682J'),(494,'VALENTINI','SILVANA',NULL,'VARESE','VLNSVN57B43L682W'),(495,'VANERIO','MARIA DONATA',NULL,'VARESE','VNRMDN56L49L682U'),(496,'VINCI','CARLA    FELICIA',NULL,'AMARONI','VNCCLF69S44A255H'),(497,'ZANZOTTERA','MARCO',NULL,'MILANO','ZNZMRC53L03F205B'),(498,'ADAMI RENATA','',NULL,'MONZA','DMARNT55C66F704V'),(499,'ADDESA AGOSTINO','',NULL,'AVELLINO','DDSGTN68E20A509U'),(500,'ALCOLADO MARTIN MARIA  ','',NULL,'CASCINA','LCLMRA59B43B950N'),(501,'ALPARONE ASSUNTA ','',NULL,'BRINDISI','LPRSNT64T69B180Y'),(502,'AMBROSINI LUCIA','',NULL,'CAGLI','MBRLCU61P60B352D'),(503,'AMORE ALFREDO','',NULL,'CERCOLA','MRALRD63P09C495D'),(504,'AMOROSO LUIGI','',NULL,'AVERSA','MRSLGU60L08A512U'),(505,'ANNESI MARCO','',NULL,'GAGLIANO DEL CAPO','NNSMRC86L14D851D'),(506,'ANNICCHINO RITA','',NULL,'CHIAROMONTE','NNCRTI75L58C619K'),(507,'APRILE ROSA','',NULL,'MODICA','PRLRSO70B67F258L'),(508,'ARLEO OLIMPIA MARIA','',NULL,'SENISE','RLALPM64L43I610B'),(509,'ASSENZA COSTANZA','',NULL,'CATANIA','SSNCTN77E55H163U'),(510,'AURELIO PAOLO GIUSEPP','',NULL,'PLATI\'','RLAPGS59R10G735J'),(511,'BAI ALESSANDRO','',NULL,'GALLARATE','BAILSN69H15D869D'),(512,'BALTARO PAOLA','',NULL,'VERCELLI','BLTPLA54M49L750I'),(513,'BARTOLONE VITO','',NULL,'BARCELLONA POZZO DI GOTT','BRTVTI57D28A638D'),(514,'BELATI GIULIO','',NULL,'PIANO DI SORRENTO','BLTGLI66E18G568H'),(516,'BELLASPIGA ILARIA','',NULL,'MILANO','BLLLRI58S70F205C'),(517,'BELLINA GIANPIERO','',NULL,'SVIZZERA','BLLGPR70E25Z133N'),(518,'BELLONI VITTORIO','',NULL,'VARESE','BLLVTR76S12L682R'),(519,'BELLORA CARLO LUIGI','',NULL,'MILANO','BLLCLL63P30F205C'),(520,'BERTONA MARCO CARLO','',NULL,'SOMMA LOMBARDO','BRTMCC67P05I819H'),(521,'BIANCHI LUCA','',NULL,'TRADATE','BNCLCU67R42L319D'),(522,'BICA GABRIELLA ','',NULL,'ERICE','BCIGRL70E42D423Y'),(523,'BOLOGNESI ROSSANA','',NULL,'BUSTO ARSIZIO','BLGRSN63P66B300P'),(524,'BONU\' NADIA','',NULL,'VARESE','BNONDA78L58L682G'),(525,'BORI ALESSANDRA','',NULL,'GALLARATE','BROLSN63L41D869J'),(526,'BORRACCINO PASQUALINA ','',NULL,'CANOSA DI PUGLIA','BRRPQL51B68B619E'),(527,'BORRIELLO VINCENZO','',NULL,'TORRE DEL GRECO','BRRVCN63C14L259J'),(528,'BOSSI CINZIA','',NULL,'GALLARATE','BSSCNZ71R60B300P'),(529,'BRANDUARDI LORELLA','',NULL,'LEGNANO','BRNLLL60T43E514A'),(530,'BRIOLINI DANIELA','',NULL,'BUSTO ARSIZIO','BRLDNL61A62B300O'),(531,'BROVELLI MARTA','',NULL,'VARESE','BRVMRT59T45L682C'),(532,'BRUNO FRANCESCO ','',NULL,'FOGGIA','BRNFNC68S15D643M'),(533,'BUZZELLI PAOLO GIOVANNI  ','',NULL,'AVEZZANO','BZZPGV48R01A515V'),(534,'CAGNONI ENRICO ANGELO','',NULL,'BUSTO ARSIZIO','CGNNCN52C10B300P'),(535,'CALDIROLI LUISA TANINA MA','',NULL,'BUSTO ARSIZIO','CLDLTN70E58B300Q'),(536,'CANNATARO VINCENZO','',NULL,'COSENZA','CNNVCN62A03D086Z'),(537,'CAPOCCIA DANTE','',NULL,'GALLARATE','CPCDNT66S20D869W'),(538,'CARNAROLI LILIANA','',NULL,'TORONTO','CRNLLN53T46Z401Y'),(539,'CARROZZINI LUIGI','',NULL,'SOGLIANO CAVOUR','CRRLGU52T01I780J'),(540,'CARUSO MARIA ANTONIET','',NULL,'SAN MARCO ARGENTANO','CRSMNT72B42H981T'),(541,'CASSAVIA MANUELA ','',NULL,'ROMA','CSSMNL76T48H501C'),(542,'CASTIGLIONI PIETRO','',NULL,'BUSTO ARSIZIO','CSTPTR61P09B300C'),(543,'CATTANEO ROBERTO','',NULL,'GAZZADA SCHIANNO','CTTRRT57M11D951U'),(544,'CAVALIERE CANDIDA EVA  ','',NULL,'SCALA','CVLCDD59S67I486J'),(545,'CAVALIERE POMPEA ','',NULL,'GALLARATE','CVLPMP67M47D869G'),(546,'CAZZOLA CARLO','',NULL,'VARESE','CZZCRL65H13L682C'),(547,'CERARDI COSIMO','',NULL,'TORCHIAROLO','CRRCSM55T16L213Y'),(548,'CHIGIATTI ANTONELLA  ','',NULL,'GALLARATE','CHGNNL58M61D869J'),(549,'CIAVARELLA RAFFAELE','',NULL,'VARESE','CVRRFL78B06L682Y'),(550,'CINQUINA FERNANDO','',NULL,'VASTO','CNQFNN56D27E372A'),(551,'CIOFFOLETTI CONCETTA','',NULL,'CAMPAGNA','CFFCCT54P41B492T'),(552,'CIPOLLA LEONARDA','',NULL,'CASTELVETRANO','CPLLRD54T61C286J'),(553,'CIUFFO DOMENICA  ','',NULL,'RIVELLO','CFFDNC52A57H348T'),(554,'COLANGELO GIOVANNI','',NULL,'SOMMA LOMBARDO','CLNGNN75T13I819M'),(555,'COLOMBO LOREDANA','',NULL,'GALLARATE','CLMLDN61B44D869N'),(556,'CONTE CLARA MARIA  ','',NULL,'STATI UNITI D\'AMERICA','CNTCRM76A63Z404E'),(557,'COPPA CHIARA','',NULL,'VARESE','CPPCHR73E69L682Y'),(558,'CORNELLI ANTONELLA','',NULL,'VARESE','CRNNNL66R49L682X'),(559,'COZZI GIUSEPPE','',NULL,'LAURIA','CZZGPP58M21E483Q'),(560,'CRISTALDI ERMANNO','',NULL,'PIAZZA ARMERINA  (EN)','CRSRNN56S09G580I'),(562,'CUTRI\' SILVANA','',NULL,'BRINDISI','DGNNTN75E10B180M'),(563,'D\'AGNANO ANTONIO','',NULL,'NAPOLI','DMNGNN76B42F839C'),(564,'DE ANGELI CLAUDIO','',NULL,'GALLARATE','DNGCLD59S12D869D'),(565,'DE BIASE ANTONINO','',NULL,'MARANO DI NAPOLI','DBSNNN84D02G309F'),(566,'DE LUCA ANTONIO','',NULL,'SAN SEVERINO LUCANO','DLCNTN59P20I157R'),(567,'DEL VITTO ALBERTO','',NULL,'VARESE','DLVLRT60E31L682C'),(568,'DELLE PALME CLAUDIA','',NULL,'SALERNO','DLLCLD75S69H703T'),(569,'DENZA MARIA RITA','',NULL,'MORCONE','DNZMRT60M60F717G'),(570,'DI BELLA ORAZIO','',NULL,'FURCI SICULO','DBLRZO60L30D824S'),(571,'DI FRANCO ROSARIO ','',NULL,'NAPOLI','DFRRSR58L16F839Z'),(572,'DI GOSTA MATTIA','',NULL,'RIPACANDIDA','DGSMTT58B01H312H'),(573,'DI NANNO GIUSEPPE','',NULL,'BARLETTA','DNNGPP57H27A669G'),(574,'DI TELLA LUIGI','',NULL,'FRIGNANO','DTLLGU64L20D799W'),(575,'DIODATI ANGELA','',NULL,'SARNO','DDTNGL74E54I438Q'),(576,'ESPOSITO ROSINA  ','',NULL,'SAN FLORO','SPSRSN57B53H846C'),(577,'FABBRIZZI LUCA  ','',NULL,'VARESE','FBBLCU67C25L682B'),(578,'FABIANO DORIS','',NULL,'SANTA MARIA CAPUA VETERE','FBNDRS52P45I234T'),(579,'FALCONE MARIAGRAZIA  ','',NULL,'GALLARATE','FLCMGR68M49D869G'),(580,'FALSETTI FRANCESCO','',NULL,'TRENTA','FLSFNC65B19L375N'),(581,'FALVO GENNARO','',NULL,'GIZZERIA','FLVGNR60D24E068K'),(582,'FANZINI GIANFRANCO','',NULL,'VARESE','FNZGFR66A18L682K'),(583,'FEDERICO SALVATORE EMA','',NULL,'LICATA','FDRSVT53L09E573N'),(584,'FERIOLI MARILENA','',NULL,'BUSTO ARSIZIO','FRLMLN62E42B300D'),(585,'FOGLIA GIANLUCA','',NULL,'GALLARATE','FGLGLC62R09D869A'),(586,'FRASCELLA DOMENICO  ','',NULL,'GRAVINA IN PUGLIA','FRSDNC58C17E155D'),(587,'FRATINI CAROLINA MARIA','',NULL,'SOMMA LOMBARDO','FRTCLN76M65I819Q'),(588,'FRIGOLI MAURIZIO','',NULL,'GALLARATE','FRGMRZ60E15D869V'),(589,'GALLO GIUSEPPE','',NULL,'SAN GIOVANNI IN FIORE','GLLGPP52H04H919P'),(590,'GIANNOTTO MARIA LUIGIA','',NULL,'BUSTO ARSIZIO','GNNMLG77A71B300H'),(592,'GOMIERO ANNA','',NULL,'PORTO VALTRAVAGLIA','GMRNNA58A64G907T'),(593,'GRANOMELLI ALDO','',NULL,'MONZA','GRNLDA52L07F704H'),(594,'GRAZIANO ANDREA  ','',NULL,'FUSCALDO','GRZNDR86E14A773L'),(595,'GRECO ALFIO','',NULL,'RIPOSTO','GRCLFA53B19H325Y'),(596,'GRECO VALTERO  ','',NULL,'MIRANDOLA','GRCVTR57D21F240D'),(597,'INFUSO AGATINA','',NULL,'SOMMATINO','NFSGTN65H66I824K'),(598,'INTROINI MARINA','',NULL,'GALLARATE','NTRMRN62A61D869X'),(599,'ITALIANO VINCENZA','',NULL,'DELIA','TLNVCN68B53D267U'),(600,'ITRO GIUSEPPINA','',NULL,'BENEVENTO','TRIGPP79L47A783B'),(601,'LANZILOTTO PIERA DONATA','',NULL,'SOGLIANO CAVOUR','LNZPDN66H69I780S'),(602,'LASALANDRA SAVERIA','',NULL,'GRAVINA IN PUGLIA','LSLSVR62C65E155E'),(603,'LAURICELLA IOLANDA','',NULL,'AGRIGENTO','LRCLND74P63A089X'),(604,'LAZZARO PIERPAOLO','',NULL,'CATANZARO','LZZPPL79R01C352E'),(606,'LONGHITANO AGOSTINO','',NULL,'GIARRE','LNGGTN82A25E017V'),(607,'LUMASTRO FRANCESCO','',NULL,'CROTONE','LMSFNC56P18D122D'),(608,'MAIRANI LUCIA','',NULL,'GALLARATE','MRNLCU64L69D869I'),(609,'MANNARINO LUIGI','',NULL,'SAN GIOVANNI IN FIORE','MNNLGU67S25H919O'),(610,'MANZO LUIGI','',NULL,'POSTIGLIONE','MNZLGU51LO3G939U'),(611,'MARANGONI MARCO','',NULL,'MONCALIERI','MRNMRC79T15F335D'),(612,'MASSAROTTO TIZIANA','',NULL,'GALLARATE','MSSTZN59H56D869D'),(613,'MASTROIANNI FERRUCCIO','',NULL,'GIZZERIA','MSTFRC61M28E068U'),(614,'MASTROIANNI STEFANO','',NULL,'LAMEZIA TERME','MSTSFN76D13M208M'),(615,'MAURO NADIA','',NULL,'VENTIMIGLIA','MRANDA67M51L741D'),(616,'MAZZELLA LUIGI','',NULL,'SANT\'ANTIMO','MZZLGU54P09I293A'),(617,'MAZZOTTA COSIMO','',NULL,'SQUINZANO','MZZCSM55D14I930E'),(618,'METE NICOLA  ','',NULL,'LAMEZIA TERME','MTENCL61M07H742D'),(619,'MISENTI FRANCESCO','',NULL,'CATANIA','MSNFNC73D10C351W'),(620,'MOCCHETTI MONICA','',NULL,'GALLARATE','MTIVCN62M15A638Z'),(621,'MONTALBETTI MONICA','',NULL,'SOMMA LOMBARDO','MNTMNC71L49I819T'),(622,'MONTANA LAMPO ALFONSA','',NULL,'AGRIGENTO','MNTLNS55A41A089R'),(623,'MORA BATTISTA GIUSE','',NULL,'FONTANELLA','MROBTS58E08D672C'),(624,'MORETTI ALESSANDRO','',NULL,'CASSANO MAGNAGO','MRTLSN64C06C004G'),(625,'MORONI SIMONA','',NULL,'TRADATE','MRNSMN70R68L319M'),(626,'MURANO ANNA','',NULL,'CIRO\' MARINA','MRNNNA66R71C726E'),(627,'MUTO SETTIMIO','',NULL,'LAGO','MTUSTM60P25E407E'),(628,'NEGRI MARIA GRAZIA','',NULL,'LECCO','NGRMGR55A41E507F'),(629,'NICOLETTI GEPPINA ','',NULL,'SAN GIOVANNI IN FIORE','NCLGPN57L45H919J'),(630,'NISTICO\' PIETRO  ','',NULL,'BADOLATO','NSTPTR53M08A542R'),(631,'NOCETI ORAZIO','',NULL,'MOTTAFOLLONE','NCTRZO56C09F775V'),(632,'OGGIONI LORENA','',NULL,'GALLARATE','GGNLRN62T50D869D'),(634,'OLIVIERI PATRIZIA','',NULL,'BUSTO ARSIZIO','LVRPRZ63M66B300R'),(635,'OTTONE FRANCESCA','',NULL,'RIMINI','TTNFNC79T45H294L'),(636,'PACE ALESSANDRO','',NULL,'NAPOLI','PCALSN73A16F839X'),(637,'PACE GIUSEPPE  ','',NULL,'PETILIA POLICASTRO','PCAGPP55R30G508U'),(638,'PAGANI DANIELA','',NULL,'VARESE','PGNDNL57P46L682O'),(639,'PALERMO NICOLA','',NULL,'MALVITO','PLRFNC66M11E872U'),(640,'PALMIERI ANNA  ','',NULL,'SAN GIORGIO A CREMANO','PLMNNA53M52H892T'),(641,'PALMIERI GUIDO','',NULL,'SAN GIORGIO A CREMANO','PLMGDU57S25H892W'),(642,'PANZERA MAFALDA','',NULL,'SOMMA LOMBARDO','PNZMLD81C70F112Y'),(643,'PATTI SALVATORE','',NULL,'FAVARA','PTTSVT67A31D514F'),(644,'PECCERILLO ROSANNA','',NULL,'NAPOLI','PCCRNN65E46F839A'),(645,'PEDALINO VITA','',NULL,'AGRIGENTO','PDLVTI54D48A089A'),(646,'PERRUCCI ANTONIO','',NULL,'BRINDISI','PRRNTN55L20B180Z'),(647,'PIOTTI ANGELO ENRICO','',NULL,'GALLARATE','PTTNLN49D14D869U'),(648,'PIRROTTINA ROCCO','',NULL,'PALMI','PRRRCC53R20G288N'),(649,'POLETTI DARIO','',NULL,'VERUNO','PLTDRA51D01L798M'),(650,'PRATICO\' GERARDO','',NULL,'REGGIO DI CALABRIA','PRTGRD67A13H224B'),(651,'QUADRANTI STEFANIA','',NULL,'COMO','QDRSFN70H63C933L'),(652,'RAIMONDI DANIELE CORNE','',NULL,'CASTELLANZA','RMNDLC64T28C139Z'),(653,'RATTAGGI ALESSANDRA','',NULL,'MILANO','RTTLSN61L53F205C'),(654,'RENNA ANNA RITA','',NULL,'COPERTINO','RNNNRT70T71C978M'),(655,'RIZZI ANTONELLA','',NULL,'GALLARATE','RZZNNL63A52D869W'),(656,'ROMANO ALESSANDRO','',NULL,'BUSTO ARSIZIO','RMNLSN83B21B300F'),(657,'ROMANO ITALIA ','',NULL,'SAN CALOGERO','RMNTLI54T52H785B'),(660,'ROSSINI GIOVANNI','',NULL,'BUSTO ARSIZIO','RSSGNN62L27B300W'),(661,'ROSSINI MARCO ','',NULL,'BUSTO ARSIZIO','RSSMRC54M09B300V'),(662,'SALADINO SERAPHINE MARI','',NULL,'MILANO','SLDSPH77C49F205F'),(663,'SARDO NICOLO\'','',NULL,'FAVARA','SRDNCL63H30D514A'),(664,'SARMAN ENZO','',NULL,'VARESE','SRMNZE54T09L682W'),(665,'SARTORI CARLA','',NULL,'SAMARATE','SRTCRL55E52H736N'),(667,'SCANDROGLIO GIANNI','',NULL,'MILANO','SCNGNN67B09F205J'),(668,'SCARPONE GABRIELLA','',NULL,'COSENZA','SCRGRL68C67D086V'),(669,'SCARSI SILVANA','',NULL,'GALLARATE','SCRSVN52C42D869L'),(670,'SCIGLITANO SALVATORE','',NULL,'BUSTO ARSIZIO','SCGSVT65P25B300T'),(671,'SESTITO GIANLUCA','',NULL,'CHIARAVALLE CENTRALE','SSTGLC85P16C616C'),(672,'SETTIMI TIZIANO','',NULL,'LEGNANO','STTTZN61M24E514Q'),(673,'SPELLECCHIA ROBERTO','',NULL,'SCAMPITELLA','SPLRRT63M20I493R'),(674,'SQUADRITO GIUSEPPE  ','',NULL,'CASTROREALE','SQDGPP63H11C347V'),(675,'STAINE MARIELLA','',NULL,'COSENZA','STNMLL69E47D086D'),(676,'STORTI ANNA MARIA','',NULL,'TRADATE','STRNMR64B46L319J'),(677,'SURIANO LUIGI  ','',NULL,'COSENZA','SRNLGU73D02D086Y'),(678,'TABOGA LORENZA','',NULL,'GALLARATE','TBGLNZ66R44D869V'),(679,'TAMBURINI LUIGI','',NULL,'BUSTO ARSIZIO','TMBLGU52R06B300P'),(680,'TARANTINI MARIA TERESA','',NULL,'CORATO','TRNMTR61E58C983Z'),(681,'TOLINO MARIA TERESA','',NULL,'AVELLINO','TLNMTR72P13A509W'),(682,'TORNESE FRANCESCO CO','',NULL,'RIACE','TRNFNC57S02H265Q'),(683,'TREVISAN FRANCO','',NULL,'SOMMA LOMBARDO','TRVFNC55B21I819H'),(684,'TURCHETTO NADIA  ','',NULL,'MILANO','TRCNDA70L41F205A'),(685,'TURTULA RAFFAELE','',NULL,'COMISO','TRTRFL59P29C927U'),(686,'VALENTINO VALERIO ','',NULL,'GASPERINA','VLNVLR62L11D932H'),(687,'VALOTTA TOMMASO SALVA','',NULL,'CAPISTRANO','VLTTMS62L16B655F'),(688,'VALVANO DONATO','',NULL,'SVIZZERA','VLVDNT67P15Z133R'),(689,'VANTAGGIATO ANNARITA','',NULL,'SOGLIANO CAVOUR','VNTNRT53R52I780P'),(690,'VARLARO PIETRO PAOLO','',NULL,'ORIOLO','VRLPRP68H29G110K'),(691,'VINCENTI RAINERI GIOVAN','',NULL,'VARESE','VNCRRG67P03L682A'),(692,'VOLONTE\' MARIA ANGELICA','',NULL,'BUSTO ARSIZIO','VLNMNG56M56B300P'),(693,'ZAMBON MARIA GRAZIA','',NULL,'GALLARATE','ZMBMGR57R55D869S'),(694,'ARTURI','ANNA',NULL,'RHO (MI) ','RTRNNA69A62H264B'),(695,'BARBIERI','MARIA VITTORIA',NULL,'LOVERE(BG) ','BRBMVT60R68E704G'),(696,'BASSI','LORENZO',NULL,'FIDENZA(PR) ','BSSLNZ61L22B034X'),(697,'BIANCO','LIUDMILA',NULL,'CLES (TN) ','BNCLML61T41C794Z'),(698,'BORGIA ','PATRIZIA',NULL,'VARESE','BRGPRZ59B47L682G'),(699,'BOTTA','NERELLA',NULL,'VEDANO OLONA (VA) ','BTTNLL53A45L703A'),(700,'BOZZO','CHIARA',NULL,'VARESE ','BZZCHR57A41L682S'),(701,'CAPASSO','ELISA',NULL,'CASAL DI PRINCIPE (CE) ','CPSLSE58B46B872B'),(702,'CARBONI','GIOVANNA',NULL,'MONZA (MI) ','CRBGNN62B63F704S'),(703,'CASERINI','ELENA',NULL,'LODI ','CSRLNE77R45E648B'),(704,'CILLI','BIBIANA LEA',NULL,'CAPPELLE SUL TAVO (PE) ','CLLBNL55C42B681E'),(705,'CRISCUOLO','VITTORIA',NULL,'SAPRI (SA) ','CRSVTR58E41I422O'),(706,'DI GRAZIA','DANIELA',NULL,'VARESE ','DGRDNL70A64L682X'),(707,'DI TONDO','CINZIA',NULL,'LORETO APRUTINO (PE) ','DTNCNZ56D62E691C'),(708,'FERRARI','ANNA MARIA',NULL,'VARESE ','FRRNMR64R63L682J'),(709,'FRAPICCINI','ROSSELLA',NULL,'RECANATI (MC) ','FRPRSL62H49H211P'),(710,'GAMBERONI','PATRIZIA',NULL,'GAVIRATE (VA) ','GMBPRZ64B48D946E'),(711,'GUERRAGGIO','MAIA OLGA',NULL,'BUSTO ARSIZIO (VA)','GRRMLG52A71B300Q'),(712,'GUIDI','MICHELE',NULL,'PISA ','GDUMHL60S06G702O'),(713,'GULLO','MARGHERITA',NULL,'CASTELVETRANO (TP) ','GLLMGH60L60C286Q'),(714,'LAFORGIA','ENZO ROSARIO',NULL,'BARLETTA (BA)','LFRNRS61C09A669K'),(715,'MAGLIONE','GIUSEPPE',NULL,'ZURIGO (EE) ','MGLGPP58T15Z133G'),(716,'MANFRIN ','DONATELLA',NULL,'VARESE ','MNFDTL59D45L682B'),(717,'MANGANO','CRISTINA',NULL,'VARESE ','MNGCST67P62L682Y'),(718,'MARTINI','MASSIMO',NULL,'VARESE','MRTMSM59A25L682G'),(719,'MATTIONI','MONICA',NULL,'CITTIGLIO (VA) ','MTTMNC67R42C751S'),(720,'MERIGGI','MARIA',NULL,'TREIA (MC) ','MRGMRA54D68L366C'),(721,'MITA','ALESSANDRA',NULL,'FIRENZE ','MTILSN65S59D612S'),(722,'MORICHELLI','ELENA',NULL,'ANCONA ','MRCLNE53D44A271T'),(723,'MORONI','SILVIA',NULL,'PAVIA ','58B68G388C'),(724,'PELLEGRINI','MARIA STELLA',NULL,'VARANO BORGHI (VA)','PLLMST50L53L671T'),(725,'PETRUCCIANI','MARIA VITTORIA',NULL,'VERONA ','PTRMVT66L52L781M'),(726,'PIETROSANTI','PAOLO',NULL,'VARESE ','PTRPLA64D11L682L'),(727,'PIZZOCRI','VITTORIO',NULL,'VARESE ','PZZVTR53B04L682L'),(728,'ROMANO','ANGELA',NULL,'IMPERIA ','RMNNGL61S69E290X'),(729,'SIMONETTA','ROSA',NULL,'CAZZAGO BRABBIA(VA) ','SMNRSO62T51C409Z'),(730,'SORESINA','CARLA',NULL,'BUSTO ARSIZIO ','SRSCRL63H69B300D'),(731,'STRADA','EDOARDO',NULL,'MILANO ','STRDRD61D14F205F'),(732,'TENTORI ','RENATA',NULL,'VARESE ','TNTRTC53D45L682X'),(733,'TODISCO','ANGELA',NULL,'BARLETTA (BA)','TDSNGL63D50A669L'),(734,'VALIANI','VALERIO',NULL,'VINOVO (TO) ','VLNVLR58R03M060J'),(735,'VICENTINI','ELENA MARIA GIOVANNA',NULL,'INDUNO OLONA (VA) ','VCNLMR59R62E299C'),(736,'ZERBA','CARLETTO',NULL,'GREMIASCO (AL) ','ZRBCLT54D22E164L'),(737,'ZILIO','LUISA',NULL,'VARESE ','ZLILSU62S50L682O'),(738,'ARRU','PAOLO',NULL,'VARESE ','RRAPLA69D08L682E'),(739,'BISACCIA','GABRIELLA',NULL,'TRADATE (VA) ','BSCGRL54M48L319Q'),(740,'CAMPANALE','ANNA',NULL,'ANDRIA (BT) ','CMPNNA54L60A285D'),(741,'DIPEDE','ROSA',NULL,'MATERA (MT)','DPDRSO58C45F052B'),(742,'FRUSCIO','ALESSANDRO',NULL,'SORRENTO (NA) ','FRSLSN77L06I862D'),(743,'GIANNONE ','CORRADINA',NULL,'ROSOLINI (SR) ','GNNCRD71C63H574D'),(744,'MACCARI','CLAUDIO',NULL,'PINEROLO (TO) ','MCCCLD70C26G674G'),(745,'MANGIALAVORI','GIUSEPPINA',NULL,'VIBO VALENTIA (VV) ','MNGGPP66C61F537K'),(746,'MARCUCCI','DOMENICA TERESA',NULL,'MANDURIA (TA) ','MRCDNC66M44E882X'),(747,'MASELLI','JESSIKA',NULL,'VARESE ','MSLJSK78A67L682D'),(748,'MONTESANO','ANNA',NULL,'TRICARICO (MT) ','MNTNNA60M44L418I'),(749,'PROVENZANO','IRENE',NULL,'LONGOBARDI(CS) ','PRVRNI53T50E677Y'),(750,'REGNI','ILARIA',NULL,'VARESE ','RGNLRI70S52L682J'),(751,'GAGGERO','ELISA',NULL,'GENOVA','GGGLSE86R69D969S'),(752,'MIGLIO ','ILARIA',NULL,'SOMMA LOMBARDO','MGLLRI71B43I819D'),(753,'BAROFFIO','FERDINANDO',NULL,'TRADATE (VA) ','BRFFDN64B13L319S'),(754,'AMBROSETTI ','PATRIZIA',NULL,'VARESE (VA)','MBRPRZ55P66L682A'),(755,'ANDREOTTI ','BARBARA',NULL,'CLES (TN)','NDRBBR78D46C794H'),(756,'ANTONINI','ILARIA',NULL,'VARESE (VA)','NTNLRI79A59L682W'),(757,'ARCIDIACONO ','MARCELLA',NULL,'PALERMO (PA)','RCDMCL65T43G273L'),(758,'BAJ ','ANGELO',NULL,'VARESE (VA)','BJALGL80A17L682U'),(759,'BARBIERI','GRAZIA MARIA',NULL,'CALTANISSETTA (CL)','BRBGZM65E69B429R'),(760,'BARTOLI','ELVIO',NULL,'RIMINI (RN)','BRTLVE59P10H294J'),(761,'BERNASCONI ','GIUSEPPINA',NULL,'VARESE (VA)','BRNGPP63B67L682L'),(762,'BERTOLI ','MARA',NULL,'VARESE (VA)','BRTMRA65B47L682B'),(763,'BEST ','LINDA',NULL,'DUBLINO ()','BSTLND52H60Z116Q'),(764,'BETTI ','ALESSANDRA',NULL,'VARESE (VA)','BTTLSN66D67L682D'),(765,'BONOMO','ANTONINO',NULL,'MAZARA DEL VALLO (TP)','BNMNNN60C29F061C'),(766,'BRAZZALE ','ADRIANO',NULL,'BISUSCHIO (VA)','BRZDRN59E21A891V'),(767,'BROGGI ','GIULIANA',NULL,'ARCISATE (VA)','BRGGLN60M41A371C'),(768,'BRUSA ','ALESSANDRA',NULL,'VARESE (VA)','BRSLSN75C69L682C'),(769,'CAFIERO','LARA',NULL,'TORINO (TO)','CFRLRA75C47L219T'),(770,'CAMPANA ','IDA',NULL,'MESAGNE (BR)','CMPDIA58R53F152U'),(771,'CAMPANA','MARIA',NULL,'MESAGNE (BR)','CMPMRA71A41F152A'),(772,'CAPPELLI','MARINELLA',NULL,'VARESE (VA)','CPPMNL59R55L682X'),(773,'CARDINALI ','STEFANO',NULL,'TREVI (PG)','CRDSFN61P24L397R'),(774,'CHIEFFI','MARIA GRAZIA',NULL,'FOGGIA (FG)','CHFMGR66B51D643U'),(775,'CLERICI ','MARICA',NULL,'VARESE (VA)','CLRMRC60B56L682Q'),(776,'COLACI ','PATRIZA',NULL,'CATANZARO (CZ)','CLCPRZ61M69C352T'),(777,'COLOMBO ','SILVIA',NULL,'VARESE (VA)','CLMSLV64E57L682K'),(778,'COSTANZO ','GIUSEPPE',NULL,'SAN LUCA (RC)','CSTGPP65A28H970J'),(779,'DEFRAIA ','ANGELA MARIA',NULL,'PUTIGNANO (BA)','DFRNLM64D54H096R'),(780,'DI FORTI ','MARISA',NULL,'PORTO CERESIO (VA)','DFRMST65R55G906V'),(781,'DI LORENZO ','MARIA',NULL,'TROPEA (VV)','DLRMRA64H56L452C'),(782,'FERRARIO ','ENRICA',NULL,'VARESE (VA)','FRRNRC62H46L682X'),(783,'GANNA ','RAFFAELLA',NULL,'VARESE (VA)','GNNRFL68E70L682M'),(784,'GATTI ','MARIO',NULL,'VARESE (VA)','GTTMRA57M13L682X'),(785,'GIAMMARRESI ','SABRINA',NULL,'PALERMO (PA)','GMMSRN71D60G273L'),(786,'GIANNUZZI ','COSIMO',NULL,'POTENZA (PZ)','GNNCSM59M28G942P'),(787,'GIBERTI ','MICHELA',NULL,'VARESE (VA)','GBRMHL63E59L682A'),(788,'GUGLIELMO ','ROBERTO',NULL,'VARESE (VA)','GGLRRT65L18L682W'),(789,'ITALIANO ','PASQUALE',NULL,'DELIANUOVA (RC)','TLNPQL51D05D268O'),(790,'LAMBERTI ','GIOVANNI',NULL,'MONTECORVINO PUGLIANO (SA)','LMBGNN59P20F480C'),(791,'LEONCINI ','LAURA',NULL,'VARESE (VA)','LNCLRA57A45L682O'),(793,'LUCCHINA ','RICCARDO',NULL,'VARESE (VA)','LCCRCR65D11L682N'),(794,'LUPPI ','DARIO',NULL,'COMO (CO)','LPPDRA63S26C933J'),(795,'MAIORANO ','ANNA',NULL,'ANCONA (AN)','MRNNNA66L48A271S'),(796,'MALASPINA ','LAURA',NULL,'MILANO (MI)','MLSLRA62R49F205D'),(797,'MARINACI ','GIOVANNI',NULL,'SQUINZANO (LE)','MRNGNN56R17I930Q'),(799,'MASCIONI ','ELEONORA',NULL,'CITTIGLIO (VA)','MSCLNR71A55C751U'),(800,'MASSA ','GIOVANNA',NULL,'VARESE (VA)','MSSGNN66P52L682E'),(801,'MENEGHETTI ','MASSIMO',NULL,'VARESE (VA)','MNGMSM62B23L682R'),(802,'MONDO ','ANTONIETTA',NULL,'VARESE (VA)','MNDNNT64B57L682O'),(803,'MONETTI ','DOMENICO',NULL,'MALNATE (VA)','MNTDNC54T30E863L'),(804,'MONTELEONE ','GIUSEPPE',NULL,'LOCRI (RC)','MNTGPP57P23D976R'),(805,'MOZZANICA','MAURIZIO',NULL,'VARESE (VA)','MZZMRZ63E26L682M'),(806,'NASTASI','IVAN',NULL,'MESSINA (ME)','NSTVNI70E17F158S'),(807,'NICEFORO ','MARINA',NULL,'LOCRI (RC)','NCFMRN73M51D976B'),(808,'NIGRO ','LOREDANA',NULL,'LENTINI (SR)','NGRLDN73M44E532L'),(809,'NIRELLA ','CLAUDIA',NULL,'CASTELL\'UMBERTO (ME)','NRLCLD56S47C051G'),(810,'GIULIANI ','KRISTINA',NULL,'MILANO  ','GLNKST65E53F205V'),(811,'LONARDI','DEBORA',NULL,'VARESE (VA)','LNRDBR72M49L682Q'),(812,'OLIVERIO ','RITA VALERIA',NULL,'CROTONE (KR)','LVRRVL54P63D122K'),(813,'ORLANDI ','PIERANGELO',NULL,'VARESE (VA)','RLNPNG54A13L682P'),(814,'PARIS ','CRISTINA',NULL,'VARESE (VA)','PRSCST66M43L682Y'),(815,'PARODI ','ANGELA',NULL,'GENOVA (GE)','PRDNGL60A62D969O'),(816,'PELLINO ','ELENA',NULL,'NAPOLI (NA)','PLLLNE70R45F839N'),(817,'PETRILLO ','CARLA',NULL,'MONTEMILETTO (AV)','PTRCRL51D62F566S'),(818,'PICCINELLI ','SIMONETTA',NULL,'ISEO (BS)','PCCSNT75C54E333Z'),(819,'PICOZZI ','DEBORA',NULL,'VARESE (VA)','PCZDBR75L48L682G'),(820,'POLICRISI ','TERESA',NULL,'ARCISATE (VA)','PLCTRS56L58A371V'),(821,'RANDAZZO ','ROSA',NULL,'PARTANNA (TP)','RNDRSO53M50G347P'),(822,'RESTA ','ISABELLA',NULL,'GIOIA DEL COLLE (BA)','RSTSLL58B60E038Y'),(823,'ROMANO ','MASSIMO',NULL,'SALERNO (SA)','RMNMSM69H18H703M'),(824,'RUGA ','GIUSEPPA',NULL,'SIMERI CRICHI (CZ)','RGUGPP61P65I745E'),(825,'SALVI ','FRANCESCO',NULL,'AGROPOLI (SA)','SLVFNC80T29A091W'),(826,'SAMPERISI ','GRAZIA SILVANA',NULL,'CANICATTI\' (AG)','SMPGZS62T41B602A'),(827,'SANDRINI ','PATRIZIA',NULL,'VARESE (VA)','SNDPRZ62S46L682L'),(828,'SARACENI ','MARCO',NULL,'CASALBORDINO (CH)','SRCMRC63L14B865X'),(829,'SCULCO ','MIRELLA',NULL,'VARESE (VA)','SCLMLL71H65L682I'),(830,'SIRIANNI ','VINCENZA',NULL,'SOVERIA MANNELLI (CZ)','SRNVCN61C56I874Q'),(831,'SOLDATI ','ANNA',NULL,'ANGERA (VA)','SLDNNA72L66A290S'),(832,'SQUADRITO ','VINCENZA',NULL,'SPADAFORA (ME)','SQDVCN63S43I881U'),(834,'TIRELLI ','CLAUDIA',NULL,'VIGGIU\' (VA)','TRLCLD52H52L876I'),(835,'TROMBINO ','GIULIA',NULL,'NAPOLI (NA)','TRMGLI66H41F839B'),(836,'URSO ','SALVINA',NULL,'SAN CATALDO (CL)','RSUSVN62B67H792F'),(837,'ZINI ','LAURA',NULL,'VARESE (VA)','ZNILRA64R56L682E'),(838,'AIMONE ','MONICA RAQUEL',NULL,'ARGENTINA (EE)','MNAMCR60T68Z600F'),(840,'FUNARI ','PIER GIUSEPPE',NULL,'ALTILIA (CS)','FNRPGS61C15A234E'),(842,'GRAFFEO ','GIOVANNA',NULL,'MARSALA (TP)','GRFGNN68H69E974K'),(843,'MAURIZIO ','ANDREA',NULL,'TRADATE (VA)','MRZNDR84A15L319R'),(844,'MESSORI ','MARINA',NULL,'BORGOSESIA (VC)','MSSMRN58P47B041C'),(845,'NAPOLI ','ANNE SHARI',NULL,'TRADATE (VA)','NPLNSH88T56L319Q'),(847,'SAGGIN ','MARISTELLA',NULL,'CITTIGLIO (VA)','SGGMST62E55C751O'),(848,'STAMPETE ','LUIGI DOMENICO',NULL,'PALMARIGGI (LE)','STMLDM64S10G285O'),(849,'VIOLA ','FRANCESCA',NULL,'AIROLA (BN)','VLIFNC78T53A110Q'),(850,'DIANO','MARISTELLA',NULL,'MELITO PORTO SALVO (RC)','DNIMST69M43F112Q'),(851,'COLOMBO  ','LUIGI',NULL,'BARRAFRANCA (EN)','CLMLGU68A20A676O'),(852,'MOTTA','ROBRTA',NULL,'VARESE  ','MTTRRT67R49L682H'),(853,'MORI','MAURA',NULL,'MILANO','MROMRA54E52F205V'),(854,'FINOTTI','SIMONE',NULL,'FERRARA  ','FNTSMN77B01D548W'),(855,'DE BIAGGI','LAURA',NULL,'ANGERA (VA)','DBGLRA74R64A290X'),(856,'SCAPARROTTA ','GIULIANA FILOMENA',NULL,'S.GIOVANNI ROTONDO (FG)','SCPGNF81R48H926O'),(857,'CARROZZO','COSIMO ANTONIO',NULL,'AVETRANA (TA)','CRRCMN60D01A514E'),(858,'PISCINELLI','NICOLA',NULL,'STIGLIANO (MT)','PSCNCL68R22I954G'),(859,'PERLASCA','BENEDETTA',NULL,'VARESE','PRLBDT79E68L682U'),(860,'SURIANI','FABIO',NULL,'IVREA (TO)','SRNFBA71T02E379A'),(861,'IOVANE','MARIA ROSARIA',NULL,'SCISCIANO (NA)','VNIMRS69D45I540Y'),(862,'LEGGIO ','VINCENZA',NULL,'CASTELVETRANO (TP)','LGGVCN70M46C286S'),(863,'ARLEO','ANGELO',NULL,'CARDANO AL CAMPO ','RLANGL52S23L357F'),(864,'BERTONCELLO','EMMA LUISA',NULL,'GALLARATE','BRTMLS61R47D869D'),(865,'CARNUCCIO','ALBINA',NULL,'BADOLATO (CZ) ','CRNLBN60B56A542T'),(866,'CARNUCCIO','ANTONIETTA',NULL,'BADOLATO (CZ) ','CRNNNT64M66A542S'),(867,'CERAMI','ANNA',NULL,'VARESE ','CRMNNA63M69L682T'),(868,'DEL MONTE','CINZIA',NULL,'CAGLIARI ','DLMCNZ70D49B354Y'),(869,'FOTI','GIUSEPPINA',NULL,'REGGIO CALABRIA   ','FTOGPP80L64H224Y'),(870,'FRASSICA','MARCELLA',NULL,'MESSINA ','FRSMCL63M42F158O'),(871,'GUARDAMAGNA','LUCA',NULL,'VARESE ','GRDLCU67A24L682S'),(872,'LIONETTI','MARGHERITA',NULL,'BUSTO ARSIZIO (VA) ','LNTMGH79T69B300L'),(873,'MAZZUCCHELLI','ANTONELLA',NULL,'GALLARATE','MZZNNL66T65D869F'),(874,'NICEFARO','PATRIZIA',NULL,'GALLARATE (VA) ','NCFPRZ77P58D869B'),(875,'NOTO','IRENE',NULL,'CALTANISSETTA ','NTORNI76B68B429U'),(876,'POZZAN','ALESSIA',NULL,'GALLARATE ','PZZLSS76S52D869E'),(877,'ROMITO','SANDRA',NULL,'VARESE ','RMTSDR56D63L682Y'),(878,'ROSSETTI','GIOVANNA',NULL,'CASERTA','RSSGNN79A46B963C'),(879,'RUSSO','ANNA G.',NULL,'CASTELVETRANO ','RSSNGV74M43C286L'),(880,'SPINAZZOLA','CARMELA',NULL,'RIPACANDIDA (PZ) ','SPNMCR65S60H312K'),(881,'VALENTE','ANTONELLA',NULL,'CASSINO ','VLNNNL78C69C034B'),(882,'Aiello','Maria',NULL,'PARTANNA','LLAMRA60E71G347X'),(883,'Aleo','Antonino',NULL,'RIBERA','LAENNN70R19H269P'),(884,'Anelli','Carla',NULL,'GALLARATE','NLLCRL68D68D869E'),(885,'Biaggi','Cristina',NULL,'BUSTO ARSIZIO','BGGCST73D55B300E'),(886,'Boscoli','Barbara',NULL,'MILANO','BSCBBR55R42F205V'),(887,'Campisi','Lucia',NULL,'UCRIA','CMPLCU67D54L482C'),(888,'Canavesi','Donata',NULL,'BUSTO ARSIZIO','CNVDNT57R59B300D'),(889,'Ciccarino ','Gerardina',NULL,'CARACAS - VENEZUELA','CCCGRD72D63Z614O'),(890,'Crespi ','Veronica',NULL,'CASTELLANZA','CRSVNC86C62C139O'),(891,'D\'Alessandro ','Patrizia',NULL,'LEGNANO','DLSPRZ75S64E514Y'),(892,'Dolci ','Simona',NULL,'COMO','DLCSMN63P51C933B'),(893,'Gatti ','Maria Cristina',NULL,'MILANO','GTTMCR66H62F205Y'),(894,'Milione ','Giuseppina',NULL,'BUSTO ARSIZIO','MLNGPP69E47B300G'),(895,'Moroni ','Anna',NULL,'CASTELLANZA','MRNNNA64B69C139E'),(896,'Negri ','Giuseppina',NULL,'CASAL DI PRINCIPE','NGRGPP53D53B872V'),(897,'Petralia','Maria Concetta',NULL,'COLLESANO','PTRMCN69A52C871T'),(898,'Sabella ','Luigi',NULL,'ALESSANO','SBLLGU65R07A184V'),(899,'Testa ','Ilaria',NULL,'LEGNANO','TSTLRI85M71E514T'),(900,'Agostino Ninone ','Laura',NULL,'BUSTO ARSIZIO','GSTLRA81S60B300K'),(901,'Castiglioni ','Fabio',NULL,'BUSTO ARSIZIO','CSTFBA74R05B300P'),(902,'Costantini ','Paola',NULL,'BUSTO ARSIZIO','CSTPLA62H56B300P'),(903,'Grasso ','Agata Teresa',NULL,'CATANIA','GRSGTR71T57C351T'),(904,'Lamia ','Lorena',NULL,'BUSTO ARSIZIO','LMALRN79T71B300B'),(905,'Macchi ','Cristina',NULL,'LEGNANO','MCCCST66P64E514U'),(906,'Missora ','Matteo',NULL,'COMO','MSSMTT85S26C933X'),(907,'Murgia ','Marina',NULL,'GENOVA','MRGMRN74R54D969V'),(908,'Musumeci ','Alfiuccia',NULL,'ACIREALE','MSMLCC74A65A028F'),(909,'Paolillo ','Margherita',NULL,'CASTELLAMMARE DI STABIA','PLLMGH67A45C129N'),(910,'Polillo ','Emanuela',NULL,'COSENZA','PLLMNL76P48D086H'),(911,'Sirto ','Cinzia',NULL,'SALERNO','SRTCNZ79L64H703K'),(912,'Cavalcante','Maria Carmela',NULL,'CALCIANO (MT)','CVLMCR64P50B391F'),(919,'BEVILACQUA ','CRISTINA',NULL,'BUSTO ARSIZIO','BVLCST74S47B300R'),(920,'BIENATI','DONATELLA',NULL,'CASSANO MAGNAGO','BNTDTL64M48C004X'),(921,'BOSSI','ROBERTO',NULL,'BUSTO ARSIZIO','BSSRRT52A31B300Y'),(922,'BOTTINI','ORNELLA',NULL,'SOLBIATE OLONA','BTTRLL61C49I794Y'),(923,'CALO\' ','SILVANA',NULL,'TUGLIE','CLASVN56C45L462A'),(925,'CICCOTELLI','NATALIA',NULL,'CANOSA SANNITA','CCCNTL57A61B620S'),(926,'COLOMBO','GIUSEPPINA ',NULL,'BUSTO ARSIZIO','CLMGPP53A54B300U'),(928,'DI BELLA ','GIOVANNA',NULL,'MESSINA','DBLGNN74P56F158U'),(929,'GARUFI','LOREDANA',NULL,'MESSINA','GRFLDN75L71F158I'),(930,'GEDI ','PAOLA',NULL,'BUSTO ARSIZIO','GDEPLA74E63B300U'),(931,'LA ROCCA','SALVATORA',NULL,'BARCELLONA POZZO DI GOTTO','LRCSVT66C71A638N'),(932,'LAVIA','MARIA',NULL,'UMBRIATICO','LVAMRA65H45L492E'),(934,'CARDACI','SALVATORE',NULL,'CATANIA','CRDSVT60D09C351D'),(935,'CHIMENTO','LUCIA',NULL,'S.SOFIA D\'EPIRO','CHMLCU59T54I309W'),(936,'COLOMBO','ANNAROSA',NULL,'BUSTO ARSIZIO','CLMNRS58B45B300Q'),(937,'MINIERA','ROSANNA',NULL,'OLGIATE OLONA','MNRRNN51T47G028K'),(938,'MORONI','LAURA',NULL,'BUSTO ARSIZIO','MRNLRA74C68B300E'),(939,'PALETTI','SIMONA',NULL,'BUSTO ARSIZIO','PLTSMN69C62B300W'),(940,'PASSARELLI','MARIA GIOVANNA',NULL,'BUSTO ARSIZIO','PSSMGV62C68B300H'),(941,'PETTENELLI','GIOVANNA',NULL,'REVERE','PTTGNN55H66H248K'),(942,'PUGLIESE','GIUSEPPA',NULL,'S.CALOGERO','PGLGPP60S53H785R'),(943,'SGANGA','MICHELA ALESSANDRA',NULL,'CASTELLANZA','SGNMHL73H53C139X'),(944,'TOIA','MARIA ROSARIA',NULL,'BUSTO ARSIZIO','TOIMRS75C56B300L'),(945,'TOMASINI','TINA',NULL,'BUSTO ARSIZIO','TMSTNI65L58B300M'),(946,'TOMASINI','ANNA MARIA',NULL,'SOLBIATE OLONA','TMSNMR55L42I794E'),(947,'TOMASINI','MARIA PIA',NULL,'SOLBIATE OLONA','TMSMRP58P57I794G'),(948,'VIGNATI','MICHELE',NULL,'LEGNANO','VGNMHL64R10E514C'),(949,'VILLANO','ANNA MARIA',NULL,'BUSTO ARSIZIO','VLLNMR64R55B300X'),(950,'LA COGNATA','RITA MARIA ',NULL,'BUTERA','LCGRMR73A64B302S'),(951,'LOMAZZI','NORMA',NULL,'SOLBIATE OLONA','LMZNRM55E61I794S'),(952,'MARTUCCI','IDA',NULL,'UMBRIATICO','MRTDIA58S44L492V'),(953,'SAMMARTINO','SALVATORE',NULL,'GELA','SMMSVT59H16D960T'),(955,'BONGIORNO','STEFANIA ',NULL,'BUSTO ARSIZIO','BNGSFN77E61B300Q'),(956,'CALIA','VITA',NULL,'GROSS-GERAU','CLAVTI74E55Z112J'),(957,'CANAVESI','MARILENA',NULL,'BUSTO ARSIZIO','CNVMLN56R53B300B'),(958,'CECCONELLO','M. GIOVANNA',NULL,'TAGLIO DI PO','CCCMGV56T49L026R'),(959,'CIFFO','GIACOMO GIORGIO',NULL,'GORLA MINORE','CFFGMG56D30E102O'),(960,'COLOMBO','M.ANTONIETTA',NULL,'GORLA MINORE','CLMMNT59T57E102W'),(961,'COLOMBO ','DANIELA',NULL,'GORLA MAGGIORE','CLMDNL53D56E101L'),(962,'COSTA ','SIMONETTA',NULL,'SIRACUSA','CSTSNT64E46I754Y'),(964,'FERIOLI','LORENA  ',NULL,'BUSTO ARSIZIO','FRLLRN74L71B300D'),(965,'FERLISI','FLAVIA',NULL,'BIELLA','FRLFLV57P65A859V'),(966,'GALLI','LAURA',NULL,'BUSTO ARSIZIO','GLLLRA59S68B300N'),(967,'GALLI','EUGENIA',NULL,'CASSANO MAGNAGO','GLLGNE63R45C004L'),(968,'GARBI','ROSSELLA',NULL,'ADRIA','GRBRSL58A46A059K'),(969,'D\'ASCOLI','RAFFAELE',NULL,'SAVIANO','DSCRFL69D12I469W'),(970,'DELL\'ORTO','AMALIA LUCIA',NULL,'GORLA MAGGIORE','DLLMLC56H41E101G'),(971,'FERIOLI','LORENA  ',NULL,'GORLA MINORE','FRLLRN60L47E102L'),(972,'LEONI','ANTONELLA',NULL,'BUSTO ARSIZIO','LNENNL56B67B300R'),(973,'MARINONI','ANNA MARIA',NULL,'BUSTO ARSIZIO','MRNNMR68H69B300X'),(974,'MARTEGANI','DANIELA',NULL,'TRADATE','MRTDNL76D59L319X'),(975,'MASCHERONI','GIANCARLA',NULL,'GORLA MAGGIORE','MSCGCR55M48E101C'),(976,'MINERVINI','LORETTA',NULL,'BERGAMO','MNRLTT56T46A794O'),(977,'MURACA','PIERINA',NULL,'CICALA','MRCPRN52H68C674K'),(979,'OLGIATI','CAMILLA',NULL,'GORLA MINORE','LGTCLL56H51E102N'),(980,'PIGA','CARLA',NULL,'SASSARI','PGICRL73B44I452F'),(981,'PROVERBIO','ANNA ',NULL,'CERRO MAGGIORE','PRVNNA59M41C537M'),(982,'REALE','GIUSEPPINA',NULL,'MARATEA','RLEGPP76R64E919P'),(983,'RUSSANO','GERARDA',NULL,'S.MARIA LA FOSSA','RSSGRD59P59I247K'),(984,'SIRAGUSA','CLAUDIA',NULL,'ERICE','SRGCLD78M67D423K'),(985,'TORRE','LUCIANA',NULL,'REGGIOCALABRIA','TRRLCN56A48H224E'),(986,'FRANCOMAGRO','VINCENZINA',NULL,'S.SEVERINO LUCANO','FRNVCN65M64I157Q'),(987,'ORLANDO','BENEDETTA RITA',NULL,'LECCO','RLNBDT64M67E507E'),(988,'PASQUALI','MONICA REGINA',NULL,'BUSTO ARSIZIO','PSQMCR70B44B300W'),(989,'PRIMICERI','MELANIA',NULL,'TUGLIE','PRMMLN53R51L462X'),(991,'ADORISIO','PAOLA VITTORIA',NULL,'CIRO\' MARINA','DRSPVT66R61C726V'),(992,'ALLEGRA','ANTONIO',NULL,'MILANO','LLGNTN53L31F205M'),(993,'ANDREOLI','GIULIANA',NULL,'SOMMA LOMBARDO','NDRGLN73T60I819O'),(995,'ARTURI','FRANCA',NULL,'MONTALTO UFFUGO','RTRFNC52E47F416H'),(996,'AVOLIO','GENNARINO FRANCO',NULL,'FAGNANO CASTELLO','VLAGNR60R28D464G'),(997,'BASOLI','PATRIZIA',NULL,'VARESE','BSLPRZ60R49L682B'),(998,'BELLAGENTE','LAURA',NULL,'MILANO','BLLLRA57P68F205B'),(999,'BELLO','IRENE',NULL,'EBOLI','BLLRNI70D59D390A'),(1000,'BERNASCONI','GIOCONDA',NULL,'BELLANO','BRNGND53A65A745G'),(1001,'BERTINELLI','DONATA',NULL,'GALLARATE','BRTDNT66C48D869P'),(1002,'BIELLA','ROBERTO',NULL,'MILANO','BLLRRT61L04F205H'),(1003,'BORSANI','ROSELLA ADELE',NULL,'SOLBIATE OLONA','BRSRLL61D59I794X'),(1004,'BOSSI','GIANPIERO',NULL,'SOMMA LOMBARDO','BSSGPR58P01I819Z'),(1005,'BOZZA','FRANCESCA',NULL,'GIOIA DEL COLLE','BZZFNC74T45E038Y'),(1006,'BRIVIO','LAURA',NULL,'ANGERA','BRVLRA81P59A290G'),(1007,'CAMISANI','RITA',NULL,'ROMA','CMSRTI57P65H501A'),(1008,'CANDIANI','GIOVANNI',NULL,'BUSTO ARSIZIO','CNDGNN61P15B300C'),(1009,'CARCELLO','FRANCESCO',NULL,'MEZZOJUSO','CRCFNC60P20F184T'),(1010,'CERRETO','GIOVANNA VERONICA',NULL,'CASERTA','CRRGNN74C49B963Z'),(1011,'CINTORINO','NATALIE VALENTINA',NULL,'ACIREALE','CNTNLV80C63A028Z'),(1012,'COLOMBO','MONICA',NULL,'VARESE','CLMMNC65T41L682P'),(1013,'COLUCCI','ANTONELLA',NULL,'NAPOLI','CLCNNL63M47F839O'),(1014,'COMERIO','PATRIZIA',NULL,'BUSTO ARSIZIO','CMRPRZ61E51B300I'),(1015,'COMETTI','EMANUELA',NULL,'VIGEVANO','CMTMNL58L60L872S'),(1016,'CONCA','SILVIA',NULL,'GALLARATE','CNCSLV69E50D869Y'),(1017,'CONTINI','CRISTINA',NULL,'VARESE','CNTCST65H64L682A'),(1018,'CONTRINO','ANTONIO',NULL,'FAVARA','CNTNTN65T26D514T'),(1019,'CUOCOLO','MICHELE',NULL,'TRICASE','CCLMHL69L28L419M'),(1021,'DE NICHILO','STEFANO',NULL,'MOLFETTA','DNCSFN59A07F284G'),(1022,'DE PARI','RAFFAELE',NULL,'TEANO','DPRRFL57L28L083N'),(1023,'DE TURRIS','ADOLFO',NULL,'MONTALBANO JONICO','DTRDLF52B22F399G'),(1024,'DELPONTE','ADRIANA',NULL,'MILANO','DLPDRN52E55F205G'),(1025,'DI TOMMASO','ALESSANDRO',NULL,'GALLARATE','DTMLSN81H23D869T'),(1026,'DISCIPIO','MARIA',NULL,'BARI','DSCMRA60E65A662P'),(1027,'DONATIELLO','ANGELA',NULL,'SALERNO','DNTNGL77A44H703M'),(1028,'FALVA','MARIA',NULL,'SAVIANO','FLVMRA58C41I469Y'),(1029,'FERRARI','GIACOMO',NULL,'LUINO','FRRGCM73C27E734I'),(1030,'FERRERO','GIANCARLA',NULL,'BUSTO ARSIZIO','FRRGCR59E69B300D'),(1031,'FERRINI','MARCO',NULL,'ROMA','FRRMRC73P01H501Z'),(1032,'FILADORO','ROSELLA',NULL,'TAINO','FLDRLL65C70L032M'),(1033,'FIORI','GIUSEPPINA',NULL,'IGLESIAS','FRIGPP53T67E281N'),(1034,'FRISINA','MARIO',NULL,'DELIANUOVA','FRSMRA53E25D268F'),(1035,'GALLETTA','FIORENZA GIULIANA',NULL,'GALLARATE','GLLFNZ63T60D869M'),(1036,'GALLINA','ANTONELLA',NULL,'VARESE','GLLNNL55C44L682T'),(1037,'GANDINO','LORENZA',NULL,'ALESSANDRIA','GNDLNZ59H64A182C'),(1039,'GELOSIA','ANNA',NULL,'GALLARATE','GLSNNA61R59D869O'),(1040,'GENONI','MARIO CARLO',NULL,'BUSTO ARSIZIO','GNNMCR61C29B300F'),(1041,'GIACOMETTI','ELIO',NULL,'CASTELMASSA','GCMLEI55S09C207I'),(1042,'GIUBILEO','DAVIDE',NULL,'VARESE','GBLDVD67M08L682E'),(1043,'GRASSI','ROSELLA',NULL,'CADREZZATE','GRSRLL62R64B347P'),(1044,'GUARRELLA','FRANCO',NULL,'MILANO','GRRFNC60L30F205J'),(1045,'LANZA','SALVATORE IVANO',NULL,'BUSTO ARSIZIO','LNZSVT58D23B300D'),(1047,'LOMBRANA DE LOS RIOS','MARIA JOSE\'',NULL,'BARACALDO','LMBMJS69D58Z131U'),(1048,'LONGHINI','MAURIZIO',NULL,'DAVERIO','LNGMRZ55M28D256G'),(1049,'MARINO','ANTONINO',NULL,'VIZZINI','MRNNNN55C15M100V'),(1050,'MARTINELLI','MARCO',NULL,'BUSTO ARSIZIO','MRTMRC62H12B300Q'),(1051,'MASTROPIETRO','ANTONIO',NULL,'NAPOLI','MSTNTN56T22F839W'),(1052,'MENZAGO','CINZIA',NULL,'VARESE','MNZCNZ65L63L682V'),(1054,'MILANO','TIZIANA',NULL,'VARESE','MLNTZN56B43L682R'),(1055,'MIRA','MARCO',NULL,'ANGERA','MRIMRC69A16A290C'),(1056,'MIRA','PATRIZIA',NULL,'ANGERA','MRIPRZ62E66A290I'),(1057,'MIRA','BIANCA',NULL,'VARESE','MRIBNC58R66L682K'),(1058,'MIRAMONTI','LUIGIA MARIA',NULL,'CASTANO PRIMO','MRMLMR57R45C052B'),(1059,'MOBIGLIA','VALERIA',NULL,'VARESE','MBGVLR53R58L682H'),(1060,'MORONI','ALESSANDRA',NULL,'SOMMA LOMBARDO','MRNLSN65E53I819Z'),(1061,'MOSCATO','VINCENZO',NULL,'SANT\'ANGELO MUXARO','MSCVCN68D03I290K'),(1063,'MUNGO','DOMENICO',NULL,'PERUGIA','MNGDNC62S13G478T'),(1064,'NICOLO\'','DOMENICA',NULL,'REGGIO DI CALABRIA','NCLDNC59D48H224W'),(1065,'NOIA','MARIA ROSINA',NULL,'CASTELLUCCIO SUPERIORE','NOIMRS53B57C201G'),(1067,'PALERMO','FILOMENA',NULL,'ROGGIANO GRAVINA','PLRFMN74H51H488O'),(1068,'PITARRESI','FRANCESCO',NULL,'VARESE','PTRFNC81M01L682E'),(1070,'PRANDONI','MARCELLA',NULL,'ANGERA','PRNMCL63A66A290T'),(1071,'RAMAZZOTTI','VALTER',NULL,'FIRENZE','RMZVTR60E13D612V'),(1072,'ROMEGGIO','GIOVANNI',NULL,'VILLADOSSOLA','RMGGNN63P16L906C'),(1074,'RUOCCO','GIUSEPPE',NULL,'SAN GIUSEPPE VESUVIANO','RCCGPP83R04H931F'),(1075,'SANTI','PATRIZIA',NULL,'HAIN SAINT PAUL','SNTPRZ54H54Z103L'),(1076,'SCIARINI','FRANCO',NULL,'LUINO','SCRFNC54T30E734N'),(1077,'SCIARRONE','MARIA ROSA',NULL,'SANTA CRISTINA D\'ASPROMONTE','SCRMRS55E68I176M'),(1078,'SERVIDIO','FIORELLA',NULL,'MILANO','SRVFLL65C49F205C'),(1079,'SIGNOR','DORIANA',NULL,'CASTELCUCCO','SGNDRN58B46C073P'),(1080,'SIRAGUSA','GIORGIO',NULL,'MAZARA DEL VALLO','SRGGRG69A12F061D'),(1081,'SQUARZANTI','MAURO',NULL,'CASTELLETTO SOPRA TICINO','SQRMRA57P07C166P'),(1082,'TIBILETTI','MARIA GRAZIA',NULL,'VARESE','TBLMGR57T59L682G'),(1083,'TOGNOLI','CHIARA',NULL,'ANGERA','TGNCHR83A41A290O'),(1084,'TOZZINI','ROSALBA',NULL,'VARESE','TZZRLB66M46L682Z'),(1085,'VALBONESI','MASSIMO',NULL,'SOMMA LOMBARDO','VLBMSM54P20I819Z'),(1086,'VALSASINA','MARISA',NULL,'VARESE','VLSMRS56D42L682P'),(1087,'VANONI','MARISA',NULL,'SOMMA LOMBARDO','VNNMRS58C57I819W'),(1088,'VASINI','CRISTINA',NULL,'VARESE','VSNCST61C49L682K'),(1089,'VENTURELLA','VINCENZO',NULL,'CASTELBUONO','VNTVCN61B14C067Y'),(1091,'VOLONTE\'','GIANNI',NULL,'TRADATE','VLNGNN74E20L319X'),(1092,'ZOBOLI','PAOLO',NULL,'GENOVA','ZBLPLA67P08D969M'),(1093,'ALIZZI','CATERINA SANTA',NULL,'MALFA (ME)','LZZCRN71A61E855L'),(1094,'BERSANETTI','MARIA RITA',NULL,'TRADATE (VA)','BRSMRT67S53L319Y'),(1095,'BERTOLA','GIULIANA',NULL,'NAPOLI (NA)','BRTGLN64B49F839Q'),(1096,'BOTTANI','ANDREA',NULL,'MELZO (MI)','BTTSLL77A64L682P'),(1097,'BRUSCELLA','CATERINA',NULL,'VARESE (VA)','BRSDNA75S48L682S'),(1098,'DI GIOIA','SANTINA',NULL,'MATERA (MT)','DGNFRZ73M44L682F'),(1099,'FEDERIGO','ANNA',NULL,'NAPOLI (NA)','FDRNNA72D44F839O'),(1100,'FINAMORE','BARBARA',NULL,'VARESE (VA)','FNMBBR78C55L682T'),(1101,'FIORILLI','SAMANTA',NULL,'VARESE (VA)','FRLSNT85H64L682E'),(1102,'GABAGLIO','GIUSEPPINA',NULL,'MALNATE (VA)','GBGGPP57P54E863Y'),(1103,'GANDINI','ANNA',NULL,'VARESE (VA)','GNDNNA77L69L682G'),(1105,'MACCA\'','LUISA VITTORIA',NULL,'CITTIGLIO (VA)','MCCLVT72M48C751T'),(1106,'MAGGIO','TIZIANA',NULL,'TARANTO (TA)','MGGMRS80T43I119V'),(1107,'MARTINETTI','ESTERINA RITA',NULL,'COSENZA (CS)','MRTSRN66E67D086M'),(1108,'MASONE','PAOLA',NULL,'BENEVENTO (BN)','MSNPLA66C61A783J'),(1109,'MAZZITELLI','LIBERATA BEATRICE',NULL,'VIBO VALENTIA (VV)','MZZLRT61B64F537R'),(1110,'NERO','SONIA',NULL,'ANGERA (VA)','NRESNO74P44A290U'),(1111,'RANNI','MARIA',NULL,'VARESE (VA)','RNNMRA72R47L682S'),(1112,'TETTAMANZI','ANNA MARIA',NULL,'VARESE (VA)','TTTNMR55D60L682K'),(1113,'TROISE','CLOTILDE',NULL,'TORRE ANNUNZIATA (NA)','TRSCTL67T59L245J'),(1114,'VEZZOLI','CARMEN',NULL,'VEDANO OLONA (VA)','VZZCMN57E55L703R'),(1115,'ZOCCOLILLO','GIOVANNA',NULL,'BENEVENTO (BN)','ZCCGNN66S45A783V'),(1116,'MORRA','ROSA',NULL,'B619','MRRRSO54C64B619F'),(1117,'TAGLIALATELA','MADDALENA',NULL,'MONDRAGONE (CE)','TGLMDL64R56F352T'),(1118,'VASILE','ALESSANDRA',NULL,'MILAZZO (ME)','VSLLSN83H67F206Z'),(1119,'AIELLO','FRANCESCA',NULL,'LAVENO MOMBELLO (VA)','LLAFNC54E64E496R'),(1120,'AIROLDI','IVONNE',NULL,'SARONNO (VA)','RLDVNN72S67I441Z'),(1121,'ARRABITO','ANNALISA',NULL,'SCICLI (RG)','RRBNLS75R59I535X'),(1122,'BERNASCONI','PATRIZIA',NULL,'COMO (CO)','BRNLNZ72P44L682L'),(1123,'BERNASCONI','VIVIANA',NULL,'VARESE (VA)','BRNFRC63R57L682J'),(1124,'BOTTINELLI','TIZIANA',NULL,'VARESE (VA)','BTTGNN57D53E863R'),(1126,'COSTA','MARCO',NULL,'GALLARATE (VA)','CSTMRC74M19D869N'),(1127,'DE MARIA','PAOLA',NULL,'LECCE (LE)','DMRDNC72M67E878F'),(1128,'DI SALVIA','CLAUDIA',NULL,'MILANO (MI)','DSBNDR77L18L103Y'),(1129,'DI VONA ','GIULIA',NULL,'ORTONA (CH)','DSTMRP45S62F158K'),(1130,'DUNGHI','DORIANA',NULL,'VARESE (VA)','DNGDRN58S58L682Z'),(1131,'ESPOSTO SUMADELI','MARIA CONCETTA',NULL,'BAGHERIA (PA)','SPSMCN67T61A546N'),(1132,'GAMBERINI','ENRICA',NULL,'TRADATE (VA)','GMBNRC68C50L319U'),(1133,'LUPINI','STEFANIA',NULL,'VARESE (VA)','LPNSFN74H64L682T'),(1134,'MANFREDI','MARIA CRISTINA',NULL,'VARESE (VA)','MNFMCR68E66L682O'),(1135,'MARRA','FRANCO',NULL,'SPECCHIA (LE)','MRRFNC58B06I887C'),(1136,'MELIA ','SILVANO',NULL,'VARESE','MLESVN63H30L682B'),(1137,'SALA','ENRICA',NULL,'VARESE (VA)','SLANRC58B60L682K'),(1138,'SALIS','SILVIA',NULL,'VARESE','SLSSLV79H64L682T'),(1139,'SALVIETTI','MARINA TIZIANA',NULL,'VARESE (VA)','SLVMNT56E70L682D'),(1140,'VIGATO','CINZIA',NULL,'VARESE (VA)','VGTCNZ68C43L682Z'),(1141,'GALATI','MATTIA',NULL,'FOLIGNO (PG)','GLTMTT88D23D653C'),(1142,'SCIACCA','SIRIOSGA',NULL,'CATANIA','SCCSSG80L15C351C'),(1143,'BURAN','MARIA FEDERICA',NULL,'GALLARATE (VA)','BRNMFD64S69D869Q'),(1144,'BUSNELLI','PAOLA',NULL,'MARIANO COMENSE','BSNPLA77S59E951T'),(1145,'CASTRONOVO','ROSARIA',NULL,'AGRIGENTO','CSTRRC80H69A089B'),(1146,'CORA\'','VALENTINA',NULL,'BUSTO ARSIZIO (VA)','CROVNT86P54B300O'),(1147,'FALBO','CHIARA',NULL,'CATANZARO','FLBCHR83A56C352S'),(1148,'FALETTI','STEFANO',NULL,'VARESE','FLTSFN68M01L682G'),(1149,'FARE\'','SARA',NULL,'VARESE','FRASRA88E45L682T'),(1150,'MIATELLO','NADIA',NULL,'TRADATE (VA)','MTLNDA68A41L319Z'),(1151,'MOSCATO','IRENE',NULL,'NAPOLI (NA)','MSCRNI74C64F839T'),(1152,'PERONI','EMANUELE',NULL,'BUSTO ARSIZIO (VA)','PRNMNL70L05B300W'),(1153,'DOMINIQUE RAYMONDE','',NULL,'FRANCIA','PYADNQ53D62Z110Y'),(1154,'RITA','',NULL,'SARONNO','BRTRTI65E62I441B'),(1155,'ANTONIO','',NULL,'SAN GIOVANNI IN FIORE','BNCNTN61P21H919Z'),(1156,'MARIA','',NULL,'MILANO','BNZMRA81T66F205E'),(1157,'MASSIMO','',NULL,'CAGLIARI','CDDMSM46H24B354M'),(1158,'MARCELLO','',NULL,'FIDENZA','CRPMCL58B21B034M'),(1159,'MARIA GRAZIA','',NULL,'SARONNO','CSTMGR64H48I441F'),(1160,'LORENZA','',NULL,'BUSTO ARSIZIO','CLMLNZ62B51B300R'),(1161,'FRANCESCA','',NULL,'VEDANO OLONA','DLLFNC87T56L703O'),(1162,'MONICA','',NULL,'SANT\'AGATA DI MILITELLO','DBLMNC84L61I199N'),(1163,'ELENA','',NULL,'DESIO','GLBLNE70A54D286U'),(1164,'DANIELE','',NULL,'MILANO','GLMDNL76S15F205U'),(1165,'DELIA','',NULL,'COMO','GLLDLE79E49C933E'),(1166,'TIZIANO','',NULL,'SVIZZERA','GRMTZN73C09Z133E'),(1167,'ROSARIA ANNA','',NULL,'ERICE','GLTRRN74H50D423N'),(1168,'MOHAMMED ATEF MOUSTAFA ABDELBAKY','',NULL,'EGITTO','BRHMMM75Z336P'),(1169,'GIANCARLO','',NULL,'ISOLA DI CAPO RIZZUTO','LPRGCR70S19E339L'),(1170,'ALBERTO','',NULL,'SARONNO','LTTLRT57B27I441F'),(1171,'DOMENICO','',NULL,'FOGGIA','LNGDNC72T10D643R'),(1172,'NADIA','',NULL,'COMO','MNDNDA70L51C933N'),(1173,'VALERIA','',NULL,'COMO','MNOVLR84H45C933S'),(1174,'ROBERTO','',NULL,'TRADATE','NVARRT63T24L319N'),(1175,'SIMONA','',NULL,'GALATINA','NGRSMN73T55D862M'),(1176,'MICHELE','',NULL,'BARLETTA','PZZMHL77P27A669X'),(1177,'SALVATORE','',NULL,'TRAPANI','PDNSVT58S26L331O'),(1178,'ANNA','',NULL,'BUSTO ARSIZIO','RMNNNA66L66B300Y'),(1179,'JORGE ARMANDO','',NULL,'VENEZUELA','RVRJGR62H28Z614B'),(1180,'ROSINA','',NULL,'PATRICA','RSSRSN49S45G374A'),(1181,'MARIA GIULIANA','',NULL,'SARONNO','SNTMGL72E62I441H'),(1182,'SARA','',NULL,'CUGGIONO','SCMSRA83C50D198S'),(1183,'CARMELO','',NULL,'CATANIA','SPNCML79C11C351U'),(1184,'MARIO LORENZO','',NULL,'MILANO','STPMLR78A05F205Z'),(1185,'ANTONIO','',NULL,'MESSINA','TRFNTN81B23F158M'),(1186,'GABRIELLA','',NULL,'CARONNO PERTUSELLA','VLLGRL57R62B805S'),(1187,'ALESSIO','',NULL,'GARBAGNATE MILANESE','VSMLSS86E13D912D'),(1188,'GIOVANNA','',NULL,'GENOVA','VZNGNN72P65D969V'),(1189,'BALZARINI','CHIARA',NULL,'VARESE','BLZCHR60T45L682Z'),(1190,'BARBIERI','MARIA',NULL,'SANT\'ONOFRIO (VV)','BRBMRA57E53I350V'),(1191,'BARONE','MARIA ROSA',NULL,'CATANZARO','BRNMRS69T61C352I'),(1192,'BROVELLI','MARILENA',NULL,'GAVIRATE','BRVMLN61P61D946U'),(1193,'D\'AMBROS','GRAZIELLA',NULL,'VARESE','DMBGZL61H65L682U'),(1194,'DELEGA\'','DONATELLA',NULL,'VARESE','DLGDTL62T67L682Y'),(1195,'FASANO','FRANCESCA',NULL,'SURBO (LE)','FSNFNC71P49L011H'),(1196,'FONTANA','ELENA',NULL,'SESTO CALENDE','FNTLNE64D53I819G'),(1197,'GIORDANI','M. ELISABETTA',NULL,'SOMMA LOMBARDO','GRDMLS57D43I819E'),(1198,'GIUDICI','LORELLA',NULL,'SOMMA LOMBARDO','GDCLLL60A65I819D'),(1199,'LE PERA','MONICA',NULL,'ACRI (CS)','LPRMNC69A48A053S'),(1200,'MAGISTRI','RITA',NULL,'CADREZZATE (VA)','MGSRTI65P61B347D'),(1201,'MASCETTI','ROBERTA',NULL,'CITTIGLIO (VA)','MSCRRT67S55C751F'),(1202,'MEDOLA','TIZIANA',NULL,'MILANO','MDLTZN60D59F205V'),(1203,'MELODIA','VALERIA',NULL,'VARESE','MLDVLR73M60L682G'),(1204,'MONTI','SILVIA',NULL,'VARESE','MNTSLV71E64L682N'),(1205,'PELLEGRINI','SILVIA',NULL,'VARESE','PLLSLV79S42L682R'),(1206,'PUCCIO','MARIA',NULL,'CARAFFA DI CATANZARO','PCCMRA56C52B717W'),(1207,'QUALIZZA','RITA DONATA',NULL,'SAVOGNA (UD)','QLZDTR60C43I478S'),(1208,'TUZZI','GLORIA',NULL,'CASTELLETTO TICINO','TZZGLR65H52C166D'),(1209,'ULGELMO','ANTONELLA',NULL,'ANGERA (VA)','LGLNNL58H49A290G'),(1210,'VIANELLO','DIANA',NULL,'VENEZIA','VNLDNI64A42L736D'),(1211,'GAVIN','ANTONELLA',NULL,'CITTIGLIO (VA)','GVNNNL66T49C751C'),(1212,'ZENDALI','MICHELA',NULL,'VARESE','ZNDMHL76P42L682B'),(1213,'CIMMINELLI','LOREDANA',NULL,'POLICORO','CMMLDN75D58G786J'),(1214,'PERRI','ALESSIA',NULL,'ANGERA (VA)','PRRLSS78D69A290N'),(1215,'ORLANDO','VIRGINIA',NULL,'BRANCALEONE (RC)','RLNVGN68D66B118E'),(1216,'MICCICHE\'','ORIELLA',NULL,'AGRIGENTO','MCCRLL87D45A089H'),(1218,'DI NUBILA','CARMELINA',NULL,'FRANCAVILLA IN SINNI','DNBCML53L56D766C'),(1219,'D\'ONOFRIO','DESOLINA',NULL,'COLLETORTO (CB)','DNFDLN52P67C875F'),(1220,'FARINELLI','M. SANTINA',NULL,'CASALBUTTANO ED UNITA','FRNMSN54A65B869P'),(1221,'LA CAVA','BRUNELLA',NULL,'COSENZA','LCVBNL67P43D086H'),(1222,'MESSINA','IRENE',NULL,'TROINA (EN)','MSSRNI54S53L448V'),(1223,'BRANCATISANO','GIOVANNA',NULL,'SAMO (RC)','BRNGNN51D42H013S'),(1224,'BANDA','MONICA',NULL,'GALLARATE','BNDMNC69S50D869P'),(1225,'ALOIA','ROSALBA',NULL,'COLLETORTO (CB)','LAORLB55M56C875E'),(1226,'BAGAGLIO','BARBARA',NULL,'BUSTO ARSIZIO','BGGBBR70H51B300J'),(1227,'BASSETTI','ELISABETTA',NULL,'SOMMA LOMBARDO','BSSLBT65A51I819F'),(1228,'BESOZZI','ANNA MARIA',NULL,'SOMMA LOMBARDO','BSZNMR60P68I819Z'),(1229,'BOSIO','MICHELA',NULL,'BUSTO ARSIZIO','BSOMHL66L54B300N'),(1230,'BUCCIERI','ADALGISA',NULL,'SAN PIETRO IN GUARANO','BCCDGS53A50I114G'),(1231,'CAVAZZI','MARIA',NULL,'CASTELL\'ARQUATO','CVZMRA51C47C145Y'),(1232,'CINALTANI','CHIARA',NULL,'VARESE','CNLCRL74L53L682P'),(1233,'CLERICI','SILVIA',NULL,'ANGERA (VA)','CLRSLV76T64A290E'),(1234,'COMIGNAGHI','LOREDANA',NULL,'VARESE','CMGLDN55L63L682H'),(1235,'CRENNA ','CLAUDIA',NULL,'SOMMA LOMBARDO','CRNCLD67L51I819B'),(1236,'CRENNA ','DANIELA',NULL,'SOMMA LOMBARDO','CRNDNL60B65I819D'),(1237,'D\'AMBROSIO','FRANCESCA',NULL,'POMIGLIANO D\'ARCO','DMBFNC75B62G812G'),(1238,'FERRARI','MARIANGELA',NULL,'VERGIATE','FRRMNG60C45L765E'),(1239,'FERRARI','SILVIA',NULL,'ARONA','FRRSLV65P41A429K'),(1241,'GARZONIO','LORELLA',NULL,'GALLARATE (VA)','GRZLLL63S51D869J'),(1242,'GOLISCIANO','NATALINA',NULL,'MATERA (MT)','GLSNLN66L56F052Z'),(1243,'GOTTARDELLO ','MICHELA',NULL,'ANGERA (VA)','GTTMHL73D65A290T'),(1244,'GROSSELLI','IDA',NULL,'VARESE','GRSDRS56A67L682Z'),(1245,'GROSSI','CINZIA',NULL,'SOMMA LOMBARDO','GRSCNZ59H70I819F'),(1248,'MOBIGLIA','MARISA',NULL,'SOMMA LOMBARDO','MBGMRS63E43I819D'),(1249,'MOBIGLIA','SIMONA',NULL,'ANGERA (VA)','MBGSMN70B43A290W'),(1250,'NEGRI','ANNA IVANA',NULL,'SOMMA LOMBARDO','NGRNVN70A48I819E'),(1251,'PELLIZZARO','EDI',NULL,'GALLARATE (VA)','PLLDMR56S52D869Q'),(1252,'PENNA','ELENA',NULL,'VARESE','PNNLNE60C66L682V'),(1253,'PIANEZZE','SERENELLA',NULL,'CASTELLETTO TICINO','PNZSNL61R59C166F'),(1254,'RIZZO','GIUSEPPA',NULL,'PALERMO','RZZGPP70C68G273W'),(1255,'ROLLINI','EVA',NULL,'NOVARA','RLLVEA53R67F952G'),(1256,'ROSSETTO','DARIA',NULL,'BUSTO ARSIZIO','RSSDRA59H57B300P'),(1257,'SANASI','ALESSANDRA',NULL,'NARDO\' (LE)','SNSLSN59E70F842P'),(1258,'SAVO','CLAUDIA',NULL,'VARESE','SVACLD70C41L682E'),(1259,'TAMBORINI','GIOVANNA',NULL,'VARESE','TMBGNN58D50L682I'),(1260,'TARASCA','GABRIELLA',NULL,'LARINO (CB)','TRSGRL53C48E456P'),(1261,'ULIANO','LOREDANA',NULL,'NAPOLI','LNULDN73D43F839U'),(1262,'VIANELLO','LILIANA',NULL,'VERGIATE','VNLLLN52M49L765E'),(1263,'ZANARELLO ','GIULIANA',NULL,'SOMMA LOMBARDO','ZNRGNL59D60I819K'),(1264,'BOSSI','LUCIA',NULL,'SESTO CALENDE','BSSLCU68D55I688I'),(1265,'FERRA ','GIORGIA',NULL,'ANGERA (VA)','FRRGRG87M60A290U'),(1266,'NUOZZI','GIULIA',NULL,'PALERMO','NZZGLI74E64G273A'),(1267,'GAGLIARDI','VERONICA',NULL,'VARESE','GGLVNC72P67L682W'),(1268,'DI LAURO','ERMINIA',NULL,'POMIGLIANO D\'ARCO (NA)','DLRRMN81H58G812K'),(1269,'PANIZZON','CHIARA',NULL,'SOMMA LOMBARDO','PNZCHR83T41I819I'),(1271,'FAVINI','MONICA',NULL,'MILANO','FVNMNC62M43F205B'),(1272,'MAINETTI','CARLOTTA',NULL,'ANGERA (VA)','MNTCLT90M58A290S'),(1273,'BLASONE','LUCIA',NULL,'BARLETTA','BLSLCU80B43A669B'),(1277,'NOBILI','BARBARA',NULL,'CITTIGLIO (VA)','NBLBBR82D49C751Q'),(1278,'SCHETTINO','CHRISTIAN',NULL,'LEGNANO','SCHCRS77L27E514D'),(1279,'BAIONE','ANNA',NULL,'STIGLIANO','BNANNA71S45I954H'),(1280,'COZZI','CRISTINA',NULL,'BUSTO ARSIZIO','CZZCST68T58B300A'),(1281,'GIANNULLO','MONICA',NULL,'SOMMA LOMBARDO','GNNMNC64T41I819M'),(1282,'DE STEFANIS','ANNALISA',NULL,'TORINO','DSTNLS71M63L219F'),(1283,'RABOZZI','MARIA',NULL,'ARONA','RBZMRA57P58A429B'),(1284,'SCARTON','ILARIA',NULL,'ANGERA (VA)','SCRLRI74B53A290T'),(1285,'SCORZETO','SOFIA',NULL,'AVELLINO','SCRSFO55L55A509L'),(1286,'CARABELLI','CLAUDIO',NULL,'SESTO CALENDE','CRBCLD54P13I688F'),(1287,'CARRAVIERI','SARA',NULL,'VARESE','CRRSRA75L64L682G'),(1288,'GRECHI','MARIALDA',NULL,'CASALROMANO (MN)','GRCMLD54B56B911M'),(1289,'PARISI','MARIA',NULL,'FIUMEDINISI (ME)','PRSMRA52R51D622B'),(1290,'RASTELLI','MONICA',NULL,'VARESE','RSTMNC61R54L682V'),(1291,'CERTO','ROSALBA',NULL,'TROPEA (VV)','CRTRLB65P63L452U'),(1292,'MODESTI','MARIA STELLA',NULL,'RADICOFANI (SI)','MDSMST55D56H156S'),(1293,'SAIA','ALFONSA',NULL,'CAMPOFRANCO (CL)','SAILNS54A54B537Q'),(1294,'BUOMPASTORE','ANGELA',NULL,'MATERA (MT)','BMPNGL69S50F052I'),(1296,'DEL SOLE','TERESITA',NULL,'VERGIATE (VA)','DLSTST51T50L765F'),(1297,'BERNASCONI','SIMONETTA',NULL,'GALLARATE (VA)','BRNSNT66B52D869S'),(1298,'RUBEGNI ','SARA',NULL,'GROSSETO','RBGSRA77R67E202P'),(1299,'BOTTELLI','SERENA',NULL,'BUSTO ARSIZIO','BTTSRN78R70B300S'),(1300,'LUPO','STEFANO',NULL,'ARONA','LPUSFN81S19A429J'),(1301,'ANDRONI','STEFANIA',NULL,'VARESE','NDRSFN53M71L682Z'),(1302,'ANGELLA','ANGELA',NULL,'CODOGNO ','NGLNGL55A63C816I'),(1303,'AVINO','PASQUALE',NULL,'OTTAVIANO','VNAPQL55C13G190Z'),(1304,'CACCAMO','CARMELO',NULL,'REGGIO CALABRIA','CCCCML62M09B099B'),(1305,'CAMMAROTA','ADRIANA',NULL,'CASTELNUOVO CILENTO','CMMDRN53B45C231Y'),(1306,'DE MONACO','UMBERTO',NULL,'TEANO (CE)','DMNMRT68B12L083E'),(1307,'DI GENNARO','KATIA',NULL,'CUGGIONE','DGNKTA72R51D198Q'),(1308,'FERRARO','COSIMO',NULL,'CASTRIGNANO DEL CAPO','FRRCSM59L13C336V'),(1309,'FITTANTE','MARIA',NULL,'SELLIA (CZ)','FTTMRA56E50I589U'),(1310,'GIORGIANNI','MARIANGELA',NULL,'ZURIGO (EE)','GRGMNG71D48Z133M'),(1311,'GRIVO','SAMANTHA',NULL,'SARONNO (VA)','GRVSNT78M61I441N'),(1312,'IMBROGNO','DONATELLA',NULL,'San Pietro in Guarano','MBRDTL65P62I114D'),(1313,'MARSICO','MARIA',NULL,'San Pietro in Guarano','MRSMRA56B43I114L'),(1314,'NUNZIATA','VINCENZA',NULL,'ARZANO ','NNZVCN63S56A455Q'),(1315,'OLIVIERO','SIMONA',NULL,'CETRARO (CS)','LVRSMN75R54C588M'),(1316,'VITIELLO','MAURIZIO',NULL,'TORRE ANNUNZIATA','VTLMRZ77R11L245O'),(1317,'VITUCCI','ANTONIETTA',NULL,'MELFI (PZ)','VTCNNT61A58F104L'),(1318,'ZEPPA','CIRO',NULL,'GINEVRA','ZPPCRI68A24Z133Z'),(1319,'SCIARRONE','MONICA',NULL,'VARESE','SCRMNC65D50L682Y'),(1320,'CAPONE','KATIA',NULL,'MOTTOLA','CPNKTA77P54F784O'),(1321,'LERNI','CARMELA',NULL,'GAVIRATE','LRNCML66T69D946V'),(1322,'BOLOGNESI','KATIA',NULL,'VARESE','BLGKTA73L60L682Q'),(1324,'QUARTUCCIO','PATRIZIA',NULL,'TRADATE','QRTPRZ69B59L319T'),(1325,'LAUDI','NADIA',NULL,'Biandronno (VA) ','LDANDA56H43A845H'),(1326,'LENTA\'','MANUELA',NULL,'Varese ','LNTMNL73D70L682S'),(1327,'LUALDI','ROBERTA',NULL,'Varese  ','LLDRRT73M67L682K'),(1328,'LUCCHINI','DANIELA',NULL,'Luino (VA) ','LCCDNL68E67E734D'),(1329,'MAFFIOLI','SIMONA',NULL,'Varese ','MFFSMN67R55L682Q'),(1330,'MAGRO','MARIA ANGELA',NULL,'S. Cataldo (CL)','MGRMNG79M59H792W'),(1331,'MAIOLI','LUIGIA',NULL,'Luino (VA)  ','MLALGU66B47E734V'),(1332,'MANDARINI','MARIA CRISTINA',NULL,'Ternate (VA) ','MNDMCR59P48L115P'),(1334,'MARTULLO','PATRIZIA',NULL,'Caltanissetta ','MRTPRZ61R42B429H'),(1335,'MAURI','LIVIA DONATELLA',NULL,'Milano ','MRALDN56B64F205U'),(1336,'PACCAGNI','ANNA',NULL,'Milano ','PCCNNA56A61F205O'),(1337,'PARNISARI','ANITA LUIGIA',NULL,'Ginevra (EE) ','PRNNLG62R55Z133L'),(1338,'PELUCCHI','SILVIA',NULL,'Ternate (VA)  ','PLCSLV61D62L115R'),(1339,'PEZZI','SERENA',NULL,'Cittiglio (VA)','PZZSRN77P46C751E'),(1340,'PORTINARI','MARIA GRAZIA',NULL,'Montagnana (PD)','PRTMGR52M45F394C'),(1341,'RANCATI','LAURA',NULL,'Varese ','RNCLRA76L45L682Y'),(1342,'RIZZO','SIMONA',NULL,'Roma  ','RZZSMN66M66H501D'),(1343,'RUFFONI','DANIELA',NULL,'Ternate (VA)','RFFDNL70T58L115K'),(1344,'SABATINI','AGRIPPINA',NULL,'Varese ','SBTGPP56B62L682Q'),(1345,'SALMOIRAGHI','DANIELA',NULL,'Castelletto Ticino (NO) ','SLMDNL54E58C166S'),(1346,'SALVESTRIN','CHIARA',NULL,'Gallarate (VA) ','SLVCHR86M66D869A'),(1347,'SASSI','RAFFAELLA',NULL,'Varese  ','SSSRFL69T71L682L'),(1348,'SCARSO','VINCENZA',NULL,'Siracusa ','SCRVCN62C58I754Q'),(1349,'SIGILLO\'','ROSETTA',NULL,'Forbach ','SGLRTT60S52Z110G'),(1350,'SIGNORELLI','AUGUSTA',NULL,'Varese','SGNGST56L68L682G'),(1351,'TITOLO','GAETANA MARIA',NULL,'Castelsaraceno (PZ) ','TTLGNM61E51C271P'),(1352,'TOMASINA','ROSELLA',NULL,'Varese  ','TMSRLL61S70L682P'),(1353,'VANETTI','PATRIZIA',NULL,'Varese ','VNTPRZ63S44L682L'),(1354,'VARETTA','MARZIA',NULL,'Premosello Chiovenda (VB) ','VRTMRZ71D50H037P'),(1355,'ZORZI','ANTONIETTA',NULL,'Varese ','ZRZNNT61C50L682Z'),(1356,'IANNE','PAOLA',NULL,'Monza (MI) ','NNIPLA89S52F704W'),(1357,'TONTA','SAMUELA',NULL,'Varese','TNTSML77L71L682G'),(1358,'DE VITO','PASQUALE',NULL,'Avellino ','DVTPQL72T06A509A'),(1359,'MAGNANI','GABRIELLA',NULL,'Travedona Monate (VA)','MGNGRL63H55L342T'),(1360,'MARCHESI','CLAUDIA',NULL,'Milano ','MRCCLD69E59F205B'),(1361,'MONCIARDINI','LAURA',NULL,'Varano Borghi (VA) ','MNCLRA67E44L671C'),(1362,'NICORA','LUCIA',NULL,'Angera (VA) ','NCRLCU72C63A290O'),(1363,'PAGANINO','ROSALBA',NULL,'Corigliano Calabro (CS) ','PGNRLB55H50D005F'),(1364,'PARUOLO','ELENA',NULL,'Bologna ','PRLLNE79C42A944D'),(1365,'PELUCCHI','MARINA',NULL,'Ternate (VA)','PLCMRN58A47L115Q'),(1366,'PAGLIARI  ','MARA',NULL,'Casalmaggiore (CR) ','PGLMRA73L57B898X'),(1367,'PISTORIO','MARIA',NULL,'Bronte (CT) ','PSTMRA77M41B202I'),(1368,'REALINI','GRAZIA',NULL,'Varese ','RLNGRZ53R70L682T'),(1369,'TIBILETTI','MICHELA',NULL,'Somma Lombardo (VA) ','TBLMHL73M70I819Y'),(1370,'VERDINO','LOREDANA',NULL,'Salerno ','VRDLDN69M62H703T'),(1371,'ZARINI','SILVIA',NULL,'Varese','ZRNSLV57D47L682I'),(1372,'BATTAGLIA','ALESSANDRA',NULL,'Somma Lombardo (VA)','BTTLSN75E56I819N'),(1373,'BIANCHI','NICOLETTA',NULL,'Varese ','BNCNLT62D68L682M'),(1374,'BIELLI','CLARA',NULL,'Varese ','BLLCLR55B44L682E'),(1375,'BISTOLETTI','ELENA',NULL,'Varese ','BSTLNE72B51L682A'),(1376,'BOCCHI','TIZIANA',NULL,'Varese ','BCCTZN62C64L682I'),(1377,'BOGNI','ALESSANDRA',NULL,'Varese ','BGNLSN67B46L682M'),(1378,'BOGNI','VALERIA',NULL,'Gavirate (VA)','BGNVLR69R50D946T'),(1379,'BOTTEGA','FEDERICA',NULL,'Varese ','BTTFRC68D69L682O'),(1381,'CAIELLI','FRANCESCO',NULL,'Busto Arsizio (VA) ','CLLFNC52D14B300K'),(1382,'CALCAGNO','EMILIA',NULL,'Varese ','CLCMLE69H41L682V'),(1383,'DORIA','MONICA',NULL,'Galatina (LE) ','DROMNC75A60D862C'),(1384,'FRANCIOLI','CLARA',NULL,'Varese  ','FRNCLR63S51L682R'),(1385,'GASPARDIS','FLAVIA',NULL,'Torino ','GSPFLV73E50L219J'),(1386,'LATRONICO','MARIA',NULL,'Castelsaraceno (PZ) ','LTRMRA54S58C271O'),(1387,'DELLA VEDOVA','MILENA',NULL,'Varese ','DLLMLN69R48L682P'),(1388,'VERZINI','FLAVIA',NULL,'Gradisca D\'Isonzo ','VRZFLV61M56E124T'),(1389,'SIGNORELLI','ELENA',NULL,'Angera (VA)','SGNLNE69S57A290Q'),(1390,'GUASCO','ILARIA',NULL,'Milano  ','GSCLRI63E59F205L'),(1391,'GIORGETTI','ELENA',NULL,'Varese  ','GRGLNE81C53L682C'),(1395,'CADONI','ELISABETTA',NULL,'Alghero (SS) ','CDNLBT54B57A192A'),(1396,'GIOIA','VELINA',NULL,'Luzzi (CS) ','GIOVLN57P41E773E'),(1397,'TRANQUILLI','ANTONELLA',NULL,'Roma (RM) ','TRNNNL59S70H501B'),(1398,'LINARI','GIORGIO',NULL,'Varese ','LNRGRG69D27L682E'),(1399,'COLOMBELLI','GIUSEPPINA',NULL,'Bergamo ','CLMGPP57B67A794G'),(1400,'RAIOLA','MARIA GRAZIA',NULL,'Boscotrecase (NA) ','RLAMGR65E60B077W'),(1401,'CABRERA','ROSA RAQUEL',NULL,'San Vicente (Argentina) ','CBRRRQ57E48Z600S'),(1402,'STELLA','CARLA',NULL,'Cittiglio(VA)','STLCRL64A68C751V'),(1403,'RUBINO','VITTORIA',NULL,'Latiano (BR)','RBNVTR53B52E471X'),(1404,'ZILIO','MARA',NULL,'Gavirate (VA) ','ZLIMRA67E67D946O'),(1405,'LUCCHINI','ROBERTA',NULL,'Ternate (VA) ','LCCRRT65H43L115Y'),(1406,'PIRRI','CARMELA',NULL,'Calatabiano (CT) ','PRRCML59L70B384O'),(1407,'CAMMAROTA','ANTONIO',NULL,'Rionero in Vulture','CMMNTN58P09H307V'),(1408,'CERAMI','GINA',NULL,'Varese  18/10/1964 ','CRMGNI64R58L682I'),(1409,'TITOLO','VINCENZA',NULL,'Castelsaraceno (PZ) ','TTLVCN59E48C271O'),(1410,'MORGESE','CONCETTA',NULL,'Ostuni (BR) 04/04/1965','MRGCCT65D44G187R'),(1411,'DOLCE','LUCIA CATERINA',NULL,'Somma Lombardo (VA)','DLCLCT65L43I819M'),(1412,'VALENZISI','PAOLA',NULL,'Varese ','VLNPLA68M54L682Y'),(1413,'BARDELLI','BARBARA',NULL,'Gavirate','BRDBBR62H41D946T'),(1414,'BELLONE','EMANUELA',NULL,'Milano  ','BLLMNL56T42F205T'),(1415,'BIANCO','DANIELA',NULL,'Somma Lombardo (VA)  ','BNCDNL69S66I819C'),(1416,'DI GREGORIO','BARBARA',NULL,'Genova ','DGRBBR61A57D969Z'),(1417,'DOVA','PATRIZIA',NULL,'Varese ','DVOPRZ54H52L682O'),(1418,'FERRONI','SABRINA',NULL,'Gavirate ','FRRSRN67E70D946D'),(1419,'GALETI','EMANUELA',NULL,'Roma','GLTMNL67T60H501Q'),(1420,'GUAINAZZI','SONIA',NULL,'Milano ','GNZSNO71P63F205E'),(1421,'GRAZIANO','MARIA',NULL,'Ruvo Del Monte (PZ)','GRZMRA56E63H646B'),(1422,'OGGIANO','GRAZIA NELLA',NULL,'Somma Lombardo (VA) ','GGNGZN64P44I819L'),(1423,'OPEZZO','VERONICA',NULL,'Varese ','PZZVNC75H52L682A'),(1424,'DE VENTURA','ROBERTA',NULL,'San Pietro Vernotico (BR) ','DVNRRT86C46I119P'),(1425,'BARRESI','LAURA',NULL,'Gavirate(VA) ','BRRLRA64E57D946H'),(1426,'MITELLI','ELVIRA',NULL,'Varese ','MTLLVR73M47L682V'),(1427,'PIAZZA','PAOLA VIRNA',NULL,'Milano ','PZZPVR75L60F205T'),(1428,'NICORA','GIULIA',NULL,'Varese','NCRGLI90B66L682Z'),(1429,'BRAVI ','FABRIZIO',NULL,'TERNO D\'ISOLA','BRVFRZ58A13L118W'),(1430,'CARMINATI','ALESSANDRA',NULL,'BERGAMO','CRMNNA77B65A794Y'),(1431,'CARDONE','MARIA PIA',NULL,'ROMA','CRDMRP55L43H501N'),(1432,'COMINETTI','ANNA MARIA',NULL,'BERGAMO','CMNNMR61L54A794Y'),(1433,'CONSOLI ','VIVIANA CARMEN',NULL,'CATANIA','CNSVNC81T68C351Q'),(1434,'CORNALI','ANNARITA',NULL,'BERGAMO','CRNNRT70P65A794A'),(1435,'CRIPPA','LAURA',NULL,'BERGAMO','CRPLRA61M57A794F'),(1436,'CURTI','PAOLO',NULL,'S.G.BIANCO','CRTPLA81H13H910A'),(1437,'DI BISCEGLIE','VINCENZO',NULL,'TERLIZZI','DBSVCN74H21L109B'),(1438,'FAMA\' ','CATERINA',NULL,'SCILLA','FMACRN54B471537Y'),(1439,'FILIPPONE','SAMANTHA',NULL,'BERGAMO','FLPSNT86R66A794R'),(1440,'FRANCINETTI ','GIORGIA',NULL,'BERGAMO','FRNGRG76B50A794E'),(1441,'FRACASSETTI','MARCO',NULL,'SIENA','FRCMRC58R12I726E'),(1442,'GEROSA','GIUSEPPINA',NULL,'SERIATE','GRSGPP73H591628T'),(1443,'GIANCOLA','PAOLA',NULL,'LANCIANO','GNCPLA86D50E435P'),(1444,'GIOFRE\'','GRAZIANO',NULL,'BERGAMO','GFRGZN75D12A794'),(1445,'GRAVINA','PAOLO',NULL,'CAVA DE\' TIRRENI','GRVPLA83B06C361J'),(1446,'MAPELLI','EMANUELE',NULL,'BERGAMO','MPLMNL77E28A794N'),(1447,'MAZZOLENI','FRANCESCO',NULL,'PONTE S. PIETRO','MZZFNC68A12G856M'),(1448,'MAZZOLENI','SERGIO',NULL,'ALMENNO S. S.','MZZSRG53R31A217S'),(1449,'MERCURIO','LAURA',NULL,'GERMANIA','MRCLRA86M71Z112K'),(1450,'MELOCCHI','ELENA',NULL,'BERGAMO','MLCLNE65M65A794F'),(1451,'MOSCATO ','VINCENZO',NULL,'VIBO VALENTIA','MSCVCN67T08F537R'),(1452,'PERRI','SAVERIA',NULL,'CATANZARO','PRRSVR74M56C352V'),(1453,'RATTI','LAURA',NULL,'SESTO S.GIOVANNI','RTTLRA67P67I690L'),(1454,'RETTURA','DANIELA',NULL,'LAMEZIA TERME','RTTDNL79S62M208E'),(1455,'RUGGERI ','LUCA',NULL,'BERGAMO','RGGLCU72L15A794H'),(1456,'SALVI','STEFANIA',NULL,'ALMENNOS.B.','SLVSFN66C45A216L'),(1457,'SBRAVATI','DONATELLA',NULL,'BRESCIA','SBRDTL54E60B157B'),(1458,'SCARAVAGGI','MOIRA',NULL,'BERGAMO','SCRMRO69L54A794D'),(1459,'SCANZI','ORNELLA',NULL,'CREMA','SCNRLL53L61D142A'),(1460,'SALCITO','LUCA',NULL,'MILANO','SLCLCU63E26F205B'),(1461,'SCIMONE','GIOVANNA',NULL,'REGGIO CALABRIA','SCMGNN68R60H224C'),(1462,'VILLA','SILVANA',NULL,'VAPRIO D\'ADDA','VLLSVN69R59L667R'),(1463,'VITALI','FRANCESCA',NULL,'BERGAMO','VTLFNC72M66A794X'),(1464,'ZAMBELLI','SARA',NULL,'PONTE S. PIETRO','ZMBSRA75A43G856K'),(1465,'ZACCANELLI','GREGORIO',NULL,'TREVIGLIO','ZCCGGR54L24L400R'),(1466,'ARRIGO','SILVIA',NULL,'BERGAMO','RRGSLV72R50A794V'),(1467,'AGAZZI','KATIA',NULL,'PONTE S. PIETRO','GZZKTA70H66G856F'),(1468,'AVELLINA','ANNA MARIA',NULL,'MALETTO','VLLNMR63D47E854A'),(1469,'BETTAZZOLI','ANTONELLA',NULL,'BERGAMO','BTTNNL63C42A794O'),(1470,'BOLIS','LAURA',NULL,'BERGAMO','BLSLRA72C46A794Q'),(1471,'BONICELLI','MONICA',NULL,'BERGAMO','BNCMNC72H63A794G'),(1472,'BONO','SIMONA',NULL,'BERGAMO','BNOSMN71B49A794V'),(1473,'CARMINATI','ANNA MARIA',NULL,'BERGAMO','CRMNNA77B65A794V'),(1474,'CASALI','DIANA',NULL,'PONTE S. PIETRO','CSLDNI81L41G856B'),(1475,'CARPENTIERI','FRANCESCA',NULL,'MILANO','CRPFNC74L68F205V'),(1476,'COLANTUONI','DANILA',NULL,'CUVIO','CLNDNL57C67D239U'),(1477,'CORNALI','STEFANIA',NULL,'BERGAMO','CRNSFN74D56A794N'),(1478,'DI BLASI','LETIZIA',NULL,'IMPERIA','DBLLTZ57L48E290Y'),(1479,'DI GIROLAMO','LOREDANA',NULL,'PALERMO','DGRLDN77D64G273T'),(1480,'DONADONI','MARIA ALIDA',NULL,'BERGAMO','DNDMLD64M44A794B'),(1481,'FAGIANI','MARILISA',NULL,'ALMENNO S. B.     ','FGNMLS56S57A216R'),(1482,'FURINO','GIUSEPPINA',NULL,'POMIGLIANO D\'ARCO','FRNGPP74A44G812K'),(1483,'GHEZZI','MARIA GABRIELLA',NULL,'BERGAMO','GHZMGB64A52A794I'),(1484,'MANZONI','ANTONELLA',NULL,'BERGAMO','MNZNNL67R54A794V'),(1485,'MANZONI','NICOLETTA',NULL,'ALMENNO S.S.','MNZNLT52T59A217M'),(1486,'MATARESE          ','ANGELA',NULL,'ISCHIA','MTRNGL70R52E329X'),(1487,'MAZZUCOTELLI','MICHELA',NULL,'BERGAMO','MZZMHL90S53A794E'),(1488,'MERLETTI','BIANCA',NULL,'BERGAMO','MRLBNC61A55A794C'),(1489,'ROTA','SARA',NULL,'ALMENNOS S. S.','RTOSRA61D54A217U'),(1490,'RUBIS','SILVIA',NULL,'PONTE S.PIETRO   ','RBSSLV82C60G56M'),(1491,'SCOTTI','MARIA TERESA',NULL,'VILLA D\'ALME\'','SCTMTR56E52A215Y'),(1492,'TRESOLDI','ELENA',NULL,'MILANO','TRSLNE64M61F205O'),(1493,'TRUMINO','MARIA',NULL,'MIRABELLA IMBAC.','TRMMRA68A41F231G'),(1494,'AGAZZI','DEBORA',NULL,'BERGAMO','GZZDBR71H47A794S'),(1495,'ARRIGO','DANIELA',NULL,'BERGAMO','RRGDNL82E64A794Y'),(1496,'BELOLI','ANNA MARIA',NULL,'PALAZZAGO','BLLNMR53L55G259I'),(1497,'CORBISIERO','DANIELA',NULL,'TORINO','CRBDNL76L57L219N'),(1498,'LOCATELLI','VERONICA',NULL,'BERGAMO','LCTVNC72E69A794X'),(1499,'MAGNO','LUIGI',NULL,'ALMENNO S.S.','MGNLGU57T15A217F'),(1500,'MAZZOLENI','ELENA',NULL,'PONTE S. PIETRO','MZZLNE80B51G856O'),(1501,'MENGA','NICOLETTA',NULL,'BREMBATE','MNGNLT64L57B137S'),(1503,'NAVA','ALBA',NULL,'PALAZZAGO','NVALBA54D67G259H'),(1504,'NAVA','SONIA',NULL,'BERGAMO','NVASNO60H68A794E'),(1505,'PANZA','PURISSIMA',NULL,'PALAZZAGO','PNZPSS55E48G259P'),(1506,'PERICO','MANUELA',NULL,'BERGAMO','PRCMNL65E65A794'),(1507,'ROTA BULO\'','ILEANA',NULL,'BERGAMO','RTBLNI54E53A794J'),(1508,'BARONI ','STEFANIA',NULL,'BERGAMO','BRNSFN72H67A794T'),(1509,'BRUNO','SILVIA',NULL,'BERGAMO','BRNSLV90H57A794T'),(1510,'BUGADA','LUCA',NULL,'LECCO','BGDLCU80S23E507T'),(1511,'CAROZZA','TERESA',NULL,'PALAZZAGO','CRZTRS51B56G259F'),(1512,'CEREDA','PATRIZIA',NULL,'VAPRIO D\'ADDA','CRDPRZ74T50L667L'),(1513,'GIANNATTASIO','FIORE',NULL,'MONTORO INFER.','GNNFRI59M08F693I'),(1514,'MAGRI','ILENIA',NULL,'ALZANO L.DO','MGRLNI71R47A246M'),(1515,'MAZZOLENI','IRENE',NULL,'PONTE S. PIETRO','MZZRNI72P66G856R'),(1517,'PANSA','KATIUSCIA',NULL,'PONTE S. PIETRO','PNSKSC73P55G856I'),(1518,'PAPAGNI','TIZIANA',NULL,'BERGAMO','PGGTZN55S58A794V'),(1519,'RECUPERO','ANGELA',NULL,'PATERNO\'','RCPNGL78H60G371R'),(1520,'ROCCA','LICIA',NULL,'BERGAMO','RCCLRT59L61A794Q'),(1521,'ROTA','FRANCA',NULL,'ALMENNO S.B.','RTOFNC64R64A217A'),(1522,'ROTA','MARIA GIOVANNA',NULL,'BERGAMO','RTOMGV77R62A794I'),(1523,'TIRONI','CLELIA',NULL,'ALMENNO S.B.','TRNCLL62G50A216R'),(1524,'BONACINA','MARIA',NULL,'BERGAMO','BNCMLC52L64A794B'),(1525,'FERRARA','MARIA MADDALENA',NULL,'MONTAGUTO','FRRMMD56H50F397V'),(1526,'NATALI','ANNA MARIA',NULL,'BERGAMO','NTLNMR73P64A794I'),(1527,'RONCELLI','GIANCARLA',NULL,'BERGAMO','RNCGCR56L51A794N'),(1528,'ROSSONI','IVANA',NULL,'COLOGNO AL SERIO','RSSVMR59R54C894V'),(1529,'BONFANTI','FABIOLA',NULL,'ALMENNO SAN BARTOLOMEO','BNFFBL57E44A216D'),(1530,'BONFANTI','ORNELLA',NULL,'ALMENNO SAN BARTOLOMEO','BNFRLL53C52A216D'),(1531,'CAPELLI','TIZIANA',NULL,'BERGAMO','CPLTZN58S60A794Y'),(1532,'CATTANI','LAURA',NULL,'BERGAMO','CTTLRA69A54A794B'),(1533,'CORTINOVIS','MIRELLA',NULL,'BERGAMO','CRTMLL63C43A794C'),(1534,'DONGHI','GIOVANNA',NULL,'VILLA D\'ALME\'','DNGGNN52A55A215X'),(1535,'FARANNA','TINA',NULL,'GANGI','FRNTNI65T58D907O'),(1536,'INNOCENTI','FLAVIO',NULL,'BERGAMO','NNCFLV61S20A794U'),(1537,'LIGUORO','TERESA',NULL,'TORRE DEL GRECO','LGRTRS59P62L259L'),(1538,'MANZONI','DANIELA',NULL,'BERGAMO','MNZDNL66P47A794M'),(1539,'PANZA ','CATERINA',NULL,'ALMENNO SAN SALVATORE','PNZCRN53R49A217E'),(1540,'PINETTI','FIORELLA',NULL,'BERGAMO','PNTFLL54T59A794M'),(1541,'ROTA ','PATRIZIA',NULL,'PONTE SAN PIETRO','RTOPRZ65S54G856V'),(1542,'SALVI ','PATRIZIA',NULL,'BERGAMO','SLVPRZ64E41A794S'),(1543,'ZUCCALI','VALERIA MARIA',NULL,'SAN GIOVANNI BIANCO','ZCCVRM65M45H910'),(1544,'ROTA ','GIANANDREA',NULL,'BERGAMO','RTOGND64D13A794G'),(1545,'CORNALI ','ROBERTA',NULL,'BERGAMO','CRNRRT77S64A794Q'),(1546,'PERICO','EMANUELA',NULL,'BERGAMO','PRCMNL75E48A794B'),(1547,'CASSANI ','LUCIA',NULL,'VARESE','CSSLCU83P66L682A'),(1548,'BOFFA ','STEFANIA',NULL,'BATTIPAGLIA (SA)','BFFSFN88D48A717Y'),(1549,'BOMPAN ','ALESSANDRO',NULL,'VARESE ','BMPLSN74A28L682D'),(1550,'CUSANO ','GIANPASQUALE',NULL,'BENEVENTO','CSNGPS70B16A783F'),(1551,'ANTONICELLI ','ROSARIO',NULL,'MATERA ','NTNNCN58A24F052J'),(1552,'BERTOLASI ','IGOR',NULL,'GALLARATE (VA)','BRTGRI77H25D869C'),(1553,'BIANCO ','FRANCESCO ',NULL,'LACEDONIA (AV)','BNCFNC58A13E397I'),(1554,'BUDA ','ROBERTO ',NULL,'MILANO','BDURRT54C27F205X'),(1555,'CASSETTI ','DANIELE',NULL,'VARESE','CSSDNL87P06L682W'),(1556,'COLELLA ','FABIANA',NULL,'AVELLINO','CLLFBN85T62A509R'),(1557,'CONSENTINO ','DANILO',NULL,'MESSINA ','CNSDNL76H12F158J'),(1558,'CONTI ','FILIPPO',NULL,'AGRIGENTO ','CNTFPP80D16A089X'),(1559,'GUIDALI ','PAOLA',NULL,'VARESE','GDLPLA87A62L682O'),(1560,'LABRIOLA ','ROSA',NULL,'SAN SEVERO (FG)','LBRRSO85M70I158I'),(1561,'LANZAFAME ','SEBASTIANA',NULL,'GIARRE (CT)','LNZSST84E46E017H'),(1562,'LEONARDI ','LORENZA',NULL,'MESSINA (ME)','LNRLNZ72C62F158P'),(1563,'MARCHESE ','STEFANO',NULL,'SAN NICOLA DA CRISSA (VV)','MRCSFN68C16I058F'),(1564,'MERLOTTI ','CHIARA',NULL,'VARESE','MRLCHR74S55L682J'),(1565,'RONDONE ','MARCO',NULL,'MASSA MARITTIMA (GR)','RNDMRC76C13F032W'),(1566,'SENA ','CLARA',NULL,'AGRIGENTO','SNECLR64E67A089I'),(1567,'ZANGARINI ','CHIARA',NULL,'VARESE','ZNGCHR63H70L682N'),(1568,'MURAGLIA','CLAUDIO',NULL,'CARDINALE (CZ)','MRGCLD65D11B7582'),(1570,'BALIANI','GIANLUIGI ',NULL,'VARESE','BLNGLG81R08L682D'),(1571,'CORVINO ','AGOSTINO ',NULL,'SANTA MARIA LA FOSSA (CE)','CRVGTN50E29I247O'),(1573,'GANUGI','ANDREA',NULL,'FIRENZE','GNGNDR54A19D612O'),(1574,'MIELE (ASSISTENTE TECNICO)','VITTORIO ',NULL,'NAPOLI','MLIVTR58E22F839D'),(1575,'PALMIERI ','SERENA ',NULL,'MALNATE (VA)','PLMSRN81P42E863J'),(1576,'PUNZI ','FRANCESCA ',NULL,'CISTERNINO (BR)','PNZFNC67L55C741D'),(1577,'SALIERNO ','ANTONELLA ',NULL,'BENEVENTO','SLRNNL87A56A783Y'),(1578,'CASTIGLIONI ','LOREDANA RITA',NULL,'TRADATE (VA)','CSTLDN75A53L319N'),(1579,'CAPUTO','DONATELLA',NULL,'VARESE','CPTDTL80H41L682L'),(1580,'D\'ALESSIO',' ELENA',NULL,'NOCERA INFERIORE (SA)','DLSLNE70R59F912S'),(1581,'FALCONE ','GIUSEPPA',NULL,'VIZZINI (CT)','FLCGPP70A46M100Z'),(1582,'GROSSO ','GIUSEPPINA',NULL,'BONIFATI (CS)','GRSGPP61C63A973H'),(1583,'GURRALI ','FORTUNA',NULL,'TORRE ANNUNZIATA (NA)','GRRFTN69H60L245X'),(1584,'IRACI ','PATRIZIA',NULL,'PALERMO (PA)','RCIPRZ59A69G273W'),(1585,'LENZI ','CHIARA',NULL,'VARESE (VA)','LNZCHR87P48L682L'),(1586,'MAIFREDI ','JESSICA',NULL,'VARESE (VA)','MFRJSC81P63L682Z'),(1587,'MATTAVELLI ','LAURA',NULL,'VARESE (VA)','MTTLRA80R66L682B'),(1588,'MICHELINI ','MARZIA',NULL,'MILANO (MI)','MCHMRZ67A66F205T'),(1589,'NUCCI ','VALENTINA',NULL,'IVREA (TO)','NCCVNT77C51E379E'),(1590,'OGGIONI ','BEATRICE',NULL,'VARESE (VA)','GGNBRC92D45L682I'),(1591,'PALERMO ','ADRIANA',NULL,'SANGINETO (CS)','PLRDRN63T53H877K'),(1592,'PEDRONI ','FEDERICA',NULL,'BUSTO ARSIZIO (VA)','PDRFRC89A66B300K'),(1593,'PRATICO\' ','CATERINA',NULL,'VARESE (VA)','PRTCRN65T61L682G'),(1594,'PUMA ','PIER PAOLO',NULL,'MILANO (MI)','PMUPPL79T13F205B'),(1595,'TELESCA ','PATRIZIA',NULL,'LATINA (LT)','TLSPRZ63R49E472F'),(1596,'VENASCO ','MARIALISA',NULL,'GARBAGNATE MILANESE (MI)','VNSMLS82T55D912W'),(1598,'COSTANTINI','MAURO',NULL,'VARESE','CSTMRA61A30L682N'),(1599,'INTELISANO','MARIA LUISA',NULL,'SANT\'AGATA DI MILITELLO (ME)','NTLMLS55A48I199B'),(1600,'SANTANGELO','PASQUALINA',NULL,'RECALE (CE)','SNTPQL54E48H210E'),(1601,'TETTAMANTI','MOIRA',NULL,'VARESE','TTTMRO69B46L682H'),(1603,'DI SILVERIO','ADELINA',NULL,'COSENZA','DSLDLN72H60D086P'),(1604,'FRESU','MARIA LAURA',NULL,'CAGLIARI','FRSMLR65M70B354N'),(1605,'GULOTTA','ROSELLA',NULL,'SAMBUCA DI SICILIA (AG)','GLTRLL77R445H743A'),(1606,'CONTE  ','MERI CARMELA',NULL,'BONIFATI        (CS)','CNTMCR74L56A973Q'),(1607,'DI   GIANNANTONIO','MICHELINA',NULL,'ROCCACASALE  (AQ)','DGNMHL57E48H389M'),(1608,'DELGIUDICE','FRANCESCA',NULL,'NEMOLI (PZ)','DLGFNC68A67F866W'),(1609,'MARTIELLI','MARIA CARLA',NULL,'ACQUAVIVA DELLE FONTI (BA)','MRTMCR79L65A048A'),(1610,'BAGLIONI ','MARIANGELA ',NULL,'LUINO ','BGLMNG83C56E734Y'),(1611,'CATALISANO ','SILVIA ',NULL,'VARESE','CTLSLV70C54L682Q'),(1612,'CONTI','CHIARA ',NULL,'RAGUSA','CNTCHR88B58H163J'),(1613,'CONTI','NICOLO\'',NULL,'VARESE','CNTNCL86C05L682N'),(1614,'DI TULLIO ','ANTONIO ',NULL,'LARINO','DTLNTN66C21E456B'),(1615,'GOFFREDO ','PAOLA ',NULL,'BARI','GFFPLA82C48A662X'),(1616,'GURRADO ','MARIA TERESA ',NULL,'MATERA ','GRRMTR66C48F052S'),(1618,'MEI ','SAMUELE ',NULL,'VARESE','MEISML88E07L682Y'),(1619,'MEZZALIRA ','FEDERICO',NULL,'VARESE','MZZFRC90L28L682K'),(1620,'OTTOLINO BORTOLINI','GABRIELLA ',NULL,'ROMA','TTLGRL66H58H501O'),(1621,'FRANCHINA','ALESSANDRO ',NULL,'PALERMO ','FRNLSN83E21G273O'),(1622,'REINA ','EMANUELA ',NULL,'BUSTO ARSIZIO ','RNEMNL85P68B300E'),(1623,'REPOSSI ','ALBERTO ',NULL,'MILANO','RPSLRT64S26F205O'),(1624,'RIMOLDI','EMANUELA ',NULL,'LUINO ','RMLMNL66A46E734L'),(1625,'SILVESTRI ','MASSIMILIANO ',NULL,'AVELLINO','SLVMSM81M28A509G'),(1627,'FEDELE ','FERDINANDO (ATA )',NULL,'GERMANIA REPUBBLICA FEDERALE (EE)','FDLFDN67M27Z112F'),(1629,'SARRUBBI ','ELEONORA (ATA)',NULL,'NAPOLI','SRRLNR78P50F839L'),(1631,'ABATE','MARIA',NULL,'CATANIA','BTAMRA56R50C351J'),(1632,'ALAMPI','SIMONA',NULL,'PESCARA','LMPSMN72C55G482I'),(1633,'BORSIN','SILVIA',NULL,'VARESE','BRSSLV63P49L682B'),(1634,'BUETTO','VANESSA',NULL,'CARBONIA','BTTVSS74C58B745N'),(1635,'CAVARRETTA','CINZIA',NULL,'CATANZARO','CVRCNZ79M47C352J'),(1636,'CRESPI','CRISTINA',NULL,'BUSTO ARSIZIO','CRSCST77C57B300X'),(1637,'CUNDARI','CONCETTINA',NULL,'TAORMINA','CNDCCT72E57L0425'),(1638,'DAVOLA','MARIANNA',NULL,'TROPEA','DVLMNN79M42L452E'),(1639,'DI GRIGOLI','MARIANNA',NULL,'CAMMARATA  AG','DGRMNN74M42B486R'),(1640,'FEDERICO','CARMELO',NULL,'LICATA','FDRCML62M20E573U'),(1641,'FERRARIO','ELISABETTA',NULL,'BUSTO ARSIZIO','FRRLBT68P63B300M'),(1642,'GINEVRA','ESMERALDA',NULL,'AGRIGENTO','GNVSRL79D61A089O'),(1643,'MANIACI','ALESSIA',NULL,'GALLARATE','MNCLSS87E47D869A'),(1644,'MAROTTA','PATRIZIA',NULL,'CASERTA','MRTPRZ71B59B963U'),(1645,'MIGNANO MAR','GIUSEPPINA ',NULL,'PALERMO','MGNGPP80T58G273U'),(1646,'MORIGGI','LAURA',NULL,'BUSTO ARSIZIO','MRGLRA74L44B300M'),(1647,'PISANO','MARIA',NULL,'NAPOLI','PSNMRA75D50F839O'),(1648,'PELEGATTA','STEFANIA',NULL,'BUSTO ARSIZIO','PLLSFN68S56B300W'),(1649,'PETROLO','MARILENA',NULL,'LOCRI','PTRMLN79E44D976X'),(1650,'PONZA','GESSICA',NULL,'GALLARATE','PNZGSC88C59D869K'),(1651,'PULTRONE','ANTONELLA',NULL,'VARESE','PLTNNL72R49L682H'),(1652,'RAGNI','FLORIANA',NULL,'ROMA','RGNFRN74B48H501U'),(1653,'RONNI','CONSIGLIA',NULL,'NAPOLI','RNNCSG67A55D170J'),(1654,'SALA','SABRINA NATALIA',NULL,'NERVIANO','SLASRN66R49F874B'),(1655,'SCARPELLI','FRANCESCA',NULL,'COSENZA','SCRFNC70M61D086N'),(1656,'SICOLO','ANGELA',NULL,'BITONTO','SCLNGL74M63A893O'),(1657,'SORINTANO','PATRIZIA',NULL,'AGRIGENTO','SRNPRZ70D49A089U'),(1658,'SPADARO','GIUSEPPINA A.M.',NULL,'MARSALA','SPDGPP61B46E974E'),(1659,'STABILE ','CIRO',NULL,'AVERSA','STBCRI59P17A512H'),(1660,'PASTORE','PATRIZIA',NULL,'TRINITAPOLI','PSTPRZ73R67B915O'),(1661,'AMMENDOLA ','ANNALISA',NULL,'MASSA DI SOMMA','MMNNLS88S44M289B'),(1662,'ABBATE ','INNOCENZA',NULL,'PALERMO (PA)','BBTNCN57H69G273F'),(1663,'ACERBIS ','MARIA GRAZIA',NULL,'ORZINUOVI (BS)','CRBMGR73E66G149R'),(1664,'ALBERICO','GIUSEPPE',NULL,'CASERTA','LBRGPP84L31B963Y'),(1665,'ALIMI','ELISA',NULL,'GALLARATE (VA)','LMALSE80E47D869M'),(1666,'ALVINO','MARCELLA',NULL,'NAPOLI (NA)','LVNMCL74D51F839Y'),(1667,'AUBLIN ','SYLVIE',NULL,'EE','BLNSLV61A46Z110H'),(1668,'BANDA ','LAURA',NULL,'GALLARATE (VA)','BNDLRA64H65D869N'),(1669,'BARBARO','DAVIDE',NULL,'AGRIGENTO','BRBDVD86R19A089O'),(1670,'BIUSO','ANTONELLA',NULL,'CATANIA','BSINNL57R63C351G'),(1671,'BONISOLO ','ELISA',NULL,'STRESA (VB)','BNSLSE67A53I976I'),(1672,'BOSETTI ','BARBARA',NULL,'BUSTO ARSIZIO (VA)','BSTBBR80C62B300Q'),(1673,'BRAGGION ','BARBARA',NULL,'BUSTO ARSIZIO (VA)','BRGBBR74B53B300O'),(1674,'BRASACCHIO','CHIARA ANGELA',NULL,'SVIZZERA (EE)','BRSCRN78D56Z133J'),(1675,'BUSOLLO ','VIRIDIANA',NULL,'BUSTO ARSIZIO (VA)','BSLVDN69H47B300E'),(1676,'CAGNONI ','ELENA COSTANZA',NULL,'GALLARATE (VA)','CGNLCS84C56D869G'),(1679,'CANZONIERI','GIOVANNI',NULL,'RAGUSA','CNZGNN65D01H163X'),(1681,'CORINA','LINA',NULL,'SAN DEMETRIO CORONE (CS)','CRNLNI62C68H818S'),(1682,'COZZI ','MARIA CANDIDA',NULL,'LEGNANO (MI)','CZZMCN62E52E514Q'),(1683,'CRESPI ','TIZIANA ALESSANDRA',NULL,'BUSTO ARSIZIO (VA)','CRSTNL72P58B300J'),(1684,'DE LUCA ','MONICA',NULL,'TROPEA (VV)','DLCMNC73M51L452A'),(1685,'BOCCUTO ','LOREDANA',NULL,'SIMERI CRICHI (CZ)','BCCLDN77B46I745T'),(1686,'DI GIOVANNA  ','FILIPPA ELENA',NULL,'CASTLVETRANO (TP)','DGVFPP71C41C286Z'),(1687,'ELISEO ','MARINA',NULL,'TRADATE (VA)','LSEMRN87T49L319N'),(1688,'FERRARIO ','NICOLETTA MARIA',NULL,'SOMMA L.DO (VA)','FRRNLT72C58B300B'),(1689,'FERRERA ','GRAZIELLA',NULL,'GELA (CL)','FRRGZL74B42D960J'),(1690,'FRANCHINA','SIMONA',NULL,'S.AGATA DI MILITELLO (ME)','FRNSMN80S60I199T'),(1691,'GENTILE','ANGELA',NULL,'GERMANIA (EE)','GNTNGL71L57Z112A'),(1692,'GIACCONE ','GABRIELLA',NULL,'PALERMO (PA)','GCCGRL66H66G273B'),(1694,'GIUNTA','GIUSEPPINA',NULL,'MODICA (RG)','GNTGPP73A46F258K'),(1695,'GRASSO','ELEONORA',NULL,'PALMI (RC)','GRSLNR70M41G288N'),(1696,'GUAGLIARDO ','LEOLUCHINA',NULL,'CAMPOFIORITO (PA)','GGLLCH68C48B535Z'),(1697,'GUARISCO ','VIRGINA',NULL,'PALERMO (PA)','GRSVGN76C51G273V'),(1698,'IODICE ','ROBERTA',NULL,'NAPOLI (NA)','DCIRRT78T70F839L'),(1700,'LAMIA ','DIEGO',NULL,'PALERMO (PA)','LMADGI65R08G273L'),(1701,'LEONE ','RAFFAELLA',NULL,'NAPOLI (NA)','LNERFL71C55F839A'),(1702,'LISMA ','NICOLO\'',NULL,'MAZARA DEL VALLO (TP)','LSMNCL71C26F061R'),(1703,'MACCHI ','ALESSANDRA',NULL,'GALLARATE (VA)','MCCLSN87P49D869I'),(1704,'MAIO ','MARIA GRAZIA',NULL,'BENEVENTO (BN)','MAIMGR71E43A783V'),(1705,'MELFI ','MARIANNA',NULL,'LAGONEGRO (PZ)','MLFMNN77S42E409K'),(1706,'MILANI ','ALESSANDRA',NULL,'BUSTO ARSIZIO (VA)','MLNLSN72E61B300Y'),(1707,'MONETA','ROBERTA',NULL,'UBOLDO (VA)','MNTRRT67B46L480D'),(1708,'MORETTI ','ANNA',NULL,'CASSANO MAG.(VA)','MRTNNA64C42C004X'),(1716,'MOSCA ','GIUSEPPE',NULL,'COSENZA (CS)','MSCGPP77E28D086Q'),(1718,'PECORA ','SARA',NULL,'BUSTO ARSIZIO (VA)','PCRSRA78L46B300S'),(1719,'PELLEGATTA  ','TILDE',NULL,'BUSTO ARSIZIO (VA)','PLLLTL71B58B300B'),(1720,'PERNA ','CONSUELO',NULL,'CASTELLANZA (VA)','PRNCSL81D67C139L'),(1721,'PUGLIA','MARIA',NULL,'VALLO DELLA LUCANIA (SA)','PGLMRA81H60L628U'),(1722,'RAGUSO ','ANTONIA',NULL,'MARTINA FRANCA (TA)','RGSNTN59T57E986Q'),(1723,'RONDA','LAURA',NULL,'GALLARATE (VA)','RNDLRA85D53D869J'),(1725,'ROSTELLATO ','FABIANA A.',NULL,'GALLARATE (VA)','RSTFNN61B61D869T'),(1726,'RUGGIERO ','LUCIA',NULL,'NOCERA SUP. (SA)','RGGLCU64B68F913N'),(1727,'SANTANGELO ','ANGELA',NULL,'POTENZA (PZ)','SNTNGL72T55G942J'),(1728,'SAPIENZA ','MARIACRISTINA',NULL,'CATANIA (CT)','SPNMCR79A64C351H'),(1729,'SARDI ','ALESSANDRO ALDO ANGELO',NULL,'BUSTO ARSIZIO (VA)','SRDLSN72L18B300U'),(1730,'SCUTERI ','ELIA',NULL,'CROTONE (KR)','SCTLEI79T61D122I'),(1731,'SOMMARUGA ','ELENA',NULL,'GALLARATE (VA)','SMMLNE64D54D869K'),(1733,'SORGENTE ','ANNA',NULL,'SALERNO (SA)','SRGNNA71R62H703P'),(1736,'UGHETTO ','ELISA',NULL,'REGGIO EMILIA (RE)','GHTLSE72S45H223C'),(1738,'VENTIMIGLIA ','CATERINA',NULL,'MARSIGLIA (FRANCIA)','VNTCRN73E53Z110Y'),(1739,'VIGNATI ','SARA',NULL,'BUSTO ARSIZIO (VA)','VGNSRA77L52B300F'),(1740,'VINCIPROVA ','MARIA',NULL,'ENNA (EN)','VNCMRA77D66C342O'),(1741,'VIVIANO ','ANGELA SANTINA',NULL,'CHIAROMONTE (PZ)','VVNNLS64S41C619E'),(1742,'XOMPERO ','ROBERTA',NULL,'BUSTO ARSIZIO (VA)','XMPRRT81T44B300K'),(1743,'ZENI','MAGDA',NULL,'PORDENONE','ZNEMGD64S58G888A'),(1744,'ALBANESE','ENZA',NULL,'PETRALIA SOTTANA (PA)','LBNNZE73R52G511T'),(1745,'BARBIERATO','ELISABETTA GRETA ',NULL,'VARESE','BRBLBT71M51L682X'),(1746,'BRAMBILLA ','ALESSIA',NULL,'VARESE','BRMLSS72M67L682T'),(1747,'CARLUCCIO','ALFREDO',NULL,'San Pietro Vernotico (BR) ','CRLLRD75D13I119L'),(1748,'CASILLI','MARIA CRISTINA ',NULL,'BARLETTA (BA)','CSLMCR72E56A889V'),(1749,'CATTANEO ','PAOLA ',NULL,'LUINO (VA)','CTTPLA66L49E734K'),(1750,'CAVARRETTA ','TOMMASO ',NULL,'MESORACA (KR)','CVRTMS57E28F157K'),(1751,'CAVONE','ANTONIO ',NULL,'BARI (BA)','CVNNTN71S04A662V'),(1752,'CITRO','DOMENICA ',NULL,'SALERNO (SA)','CTRDNC76B65H703A'),(1753,'CONTI','ALICE',NULL,'NOTO (SR)','CNTLCA82B58F943A'),(1754,'CORIALE ','CATERINA',NULL,'SCANDALE (KR)','CRLCRN60D63I494P'),(1755,'GUIDI','COLOMBA',NULL,'V ITERBO (VT)','GDUCMB62L61M082E'),(1756,'LANDONI','NICOLA ',NULL,'LUINO (VA)','LNDNCL68M18E734R'),(1757,'LORENZO','PAOLA GIUSEPPINA ',NULL,'LECCE (LE)','LRNPGS84H70E508J'),(1758,'MADONNA','NADIA ',NULL,'LUINO (VA)','MDNNDA87B65E734J'),(1759,'MAGNOCAVALLO ','KATIUSCIA ',NULL,'LUINO (VA)','MGNKSC74P44E734I'),(1760,'MANZI','RAFFAELE MARIO ',NULL,'LAURO (AV)','MNZRFL84E24E487U'),(1761,'OCCHIPINTI ','ANNA RITA',NULL,'CALW (EE)','CCHNRT75P50Z112W'),(1762,'ORLANDO','DOMENICA ',NULL,'CORLEONE (PA)','RLNDNC66P43D009U'),(1763,'PAPA','ERIKA ',NULL,'LUINO (VA)','PPARKE84C50E734F'),(1764,'PECORARO ','DOMENICO ',NULL,'MAZARA DEL VALLO (TP)','PCRDNC78D13F061M'),(1765,'PELLILLI ','VELIA',NULL,'TERMOLI (CB)','PLLVLE78M57L113B'),(1766,'POMILLA','SIMONA',NULL,'PALERMO (PA)','PMLSMN75S68G273W'),(1767,'POSTIZZI','EMANUELA ',NULL,'LUCERNA (EE)','PSTMNL67A71Z133N'),(1768,'RADICE ','CHIARA ',NULL,'LUINO (VA)','RDCCHR92S81E734W'),(1769,'RANZONI','GIADA ',NULL,'LUINO (VA)','RNZGDI91M54E734W'),(1770,'RIBECCO','NUNZIO ',NULL,'GINOSA (TA)','RBCNNZ63R20E036U'),(1771,'RIVI ','CHIARA ',NULL,'VARESE ','RVICHR72H57L682Z'),(1772,'SCIACCA ','LUANA',NULL,'CATANIA (CT)','SCCLNU79S45C351J'),(1773,'SIMONE','ANTONELLA ',NULL,'GAGLIANO DEL CAPO (LE)','SMNNNL79P59D851O'),(1774,'SPARACIO ','GIUSEPPE ',NULL,'PRIZZI (PA)','SPRGPP61L28H070M'),(1775,'TAVANI','LAURA ',NULL,'VARESE','TVNLRA79B50L682P'),(1776,'VERDUCI','ROSELLA',NULL,'VARESE','VRDRLL70A44L682G'),(1777,'VERNI','RAFFAELLA ',NULL,'MILANO (MI)','VRNRFL82H45F205K'),(1778,'ZAMPELLA','ROSSELLA ',NULL,'CITTIGLIO (VA)','ZMPRSL88S55C751D'),(1780,'SHEGA ','FLAVIA ',NULL,'ALBANIA (EE)','SHGFLV85A59Z100L'),(1781,'SINIGAGLIA ','CORINNA ',NULL,'VARESE','SNGCNN71B55L682U'),(1782,'SPAZIANI','SIRIANA',NULL,'FROSINONE (FR)','SPZSRN82S58D810O'),(1783,'SPELTA ','GIORGIO ',NULL,'GALLARATE ','SPLGRG80E12D869E'),(1784,'TURRISI ','EMANUELA ',NULL,'Bronte (CT) ','TRRMNL81C63B202B'),(1785,'ZAMPETTI ','CLUADIO ',NULL,'SESTO SAN GIOVANNI ','ZMPCLD67T15I690A'),(1786,'AMICO','ADELAIDE ',NULL,'SAN CATALDO (CL)','MCADLD79D70H792G'),(1787,'BORRIELLO','SANTA',NULL,'TORRE DEL GRECO (NA)','BRRSNT83D47L259S'),(1789,'CANORO','VALERIA',NULL,'NAPOLI','CNRVLR83L46F839F'),(1790,'COLOMBO ','EMANUELA ',NULL,'BUSTO ARSIZIO (VA)','CLMMNL70E52B300S'),(1791,'COTI ZELATI','EVA',NULL,'CREMA (CR)','CTZVEA77S68D142U'),(1792,'DE MARCO ','FEDERICO',NULL,'BUSTO ARSIZIO (VA)','DMRFRC77E15B300U'),(1793,'DE SANTIS','ILARIA',NULL,'MIGGIANO  (LE)','DSNNTN60A02F194Z'),(1794,'FANALI','ROSSELLA ',NULL,'BUSTO ARSIZIO (VA)','FNLRSL87A44B300P'),(1795,'FERRARA ','CRISTINA ',NULL,'TRADATE (VA)','FRRCST80H62L319C'),(1796,'FODDANU','VALENTINA',NULL,'BIELLA','FDDVNT68S70A859P'),(1797,'GAMBINO ','VALENTINA ',NULL,'REGGIO CALABRIA ','GMBVNT79M50H224E'),(1798,'GIANI','PATRIZIA ',NULL,'GALLARATE ','GNIPRZ55S70D869A'),(1799,'LEONARDO CUCCI ','EVELINA',NULL,'CASTROVILLARI (CS)','LNRVLN83E51C349D'),(1800,'LOGORELLI','ILENIA',NULL,'REGGIO CALABRIA','LGRLNI80E65H224X'),(1801,'RIMOLDI','STEFANIA ',NULL,'RHO (MI)','RMLSFN75H62H264P'),(1802,'RE','DIANA ',NULL,'CUGGIONO (MI)','REXDNI81C71D198B'),(1803,'ROSATI ','LUIGINA',NULL,'GIULIANOVA (TE)','RSTLGN69H61E058Z'),(1804,'ALBANESE ','RAMONA',NULL,'VIBO VALENTIA (VV)','LBNRMN86L70F537S'),(1805,'ALDENI','SILVANA ',NULL,'BUSTO ARSIZIO (VA)','LDNSVN57E51B300H'),(1808,'BALZARINI','VIVIANA ',NULL,'VARESE','BLZVVN87H47L682Z'),(1810,'BRIVIO','SARA ',NULL,'ANGERA','BRVSRA79M53A290U'),(1811,'CAPIZZI ','CLAUDIA ',NULL,'SIRACUSA ','CPZCLD74H68I754Y'),(1812,'CIPRIANI ','ROSALBA ',NULL,'MOLA DI BARI ','CPRRLB69E61F280E'),(1813,'COSTARELLA ','VINCENZA ROSELLA ',NULL,'MELITO DI PORTO ','CSTVCN84T54F112I'),(1815,'D\'ANDREA ','DANILO ',NULL,'SAN BENEDETTO DEI ','DNDDNL63A07H772D'),(1816,'DE STEFANO ','ANTONELLA ',NULL,'VICO EQUENSE ','DSTNNL69C57L845Z'),(1817,'GIUBILEO ','DAVIDE ',NULL,'VARESE','GBLDVD67M09L682E'),(1818,'IELPO ','ELENA',NULL,'COSENZA (CS)','LPILNE88B60D086E'),(1819,'LA ROCCA ','ANTONIO ',NULL,'FRANCOFORTE ','LRCNTN68L01D768I'),(1820,'MANGANO','EMANUELE ',NULL,'VARESE','MNGMNL65M10L682M'),(1822,'MARRA','MARIA ',NULL,'TORRE DEL GRECO','MRRMRA82M67L259L'),(1823,'MONTUOSO','GABRIELLA ',NULL,'SOMMA LOMBARDO ','MNTGRL73D70I819Y'),(1825,'RANDAZZO ','MARILENA ',NULL,'AUGUSTA ','RNDMLN78D69A494N'),(1826,'ROSELLI','ANNA ',NULL,'POMPEI','RSLNNA87B59G813S'),(1827,'RUSSOTTO','FILIPPO',NULL,'GELA (CL)','RSSFPP77T24D960L'),(1828,'SIRONI','MARIA  LUCE',NULL,'GALLARATE ','SRNMLC76E47D869N'),(1829,'STARVAGGI','EMANUELA',NULL,'MELITO DI PORTO ','STRMNL87P52F112C'),(1830,'TAVERNESE ','GIUSEPPE ',NULL,'CINQUEFRONDI','TVRGPP61D28C710C'),(1831,'TIEPPO','PATRIZIA ',NULL,'VARESE','TPPPRZ78D51L682A'),(1833,'FERRARI','LAURA ',NULL,'MILANO','FRRLRA87M44F205H'),(1836,'ALUFFO','RINALDO ',NULL,'Castelletto Ticino (NO) ','LFFRLD77T26L219J'),(1837,'TARTARINI','MARGHERITA ',NULL,'VARESE','TRTMGH80C51L682R'),(1838,'CARBONE ','GIUSEPPINA ',NULL,'RAGUSA ','CRBGPP85L45H163H'),(1841,'SANNINO','VELIA ',NULL,'LEGNANO (MI)','SNNVLE79S57E514F'),(1843,'DE DONATO','MARIA ',NULL,'CASTELLANA GROTTE (BA)','DDNMRA72T41C134X'),(1846,'BIGATTON','FRANCESCA',NULL,'VARESE','BGTFNC85R49L682N'),(1847,'CORRADA','PATRIZIA CAVALIERE',NULL,'MILANO','CVLCRD79R56F2059'),(1848,'VISMARA ','PIERA ',NULL,'GALLARATE ','VSMPRI59M67D869H'),(1849,'BANFI','VANESSA',NULL,'S.MARCELLO PIST.','BNFVSS72M56H980P'),(1850,'BISCONTI ','FRANCESCA',NULL,'LECCE','BSCFNC79C56E506D'),(1851,'BONAGURA ','PIETRO',NULL,'POGGIOMARINO','BNGPTR71M09G76Z'),(1852,'CORVI','MARIA ELENA',NULL,'SARONNO','CRVMLN74C65I441X'),(1853,'CRISTALLO','ANNA ANGELICA ',NULL,'MILANO','CRSNNG65P62F205A'),(1854,'CUCCHI','BARBARA',NULL,'MILANO','CCCBBR83E59F205G'),(1855,'LINSALATA ','NADIA GIUSEPPA ',NULL,'CATANIA','LNSNGS83C52C351W'),(1856,'LO GIUDICE ','SARA ',NULL,'TAORMINA','LGDSRA86B50L042R'),(1857,'LONGO','ANNA ',NULL,'TRADATE','LNGNNA73R42L319M'),(1858,'MARTINELLI ','SUSANNA ',NULL,'SARONNO','MRTSNN74S53144K'),(1859,'MAZZA ','ANNA FRANCA ',NULL,'LAMEZIA TERME','MZZNFR70B56M208A'),(1860,'MONACHINO','ANNA RITA ',NULL,'ALCAMO','MNCMRT62B64A176Z'),(1861,'MONETA ','LAURA ',NULL,'TRADATE','MNTLRA83L51L319F'),(1862,'PASSERA ','SILVIA ',NULL,'VARESE','PSSSLV77M69L682C'),(1863,'PRISCO ','ASSUNTA ',NULL,'NAPOLI','PRSSNT72E46F839C'),(1864,'SANTAGOSTINO BALDI','VERONICA',NULL,'TRADATE','SNTVNC81B52L319W'),(1865,'SERBINO','ENZA ',NULL,'LAGONEGRO','SRBNE71P68R409T'),(1866,'SEVESO','LUCA ',NULL,'SARONNO','SVSLCU75D26I441S'),(1867,'STOPPELLO','MADDALENA ',NULL,'MARATEA','STPMDL76D63E919Y'),(1868,'VIGANO\'','ROBERTA',NULL,'MILANO','VGNRRT90L53F205K'),(1869,'AUDINO','MARIA TERESA ',NULL,'ARGENTINA','DNAMTR54A46Z600M'),(1870,'BRUGALETTA','MARCO',NULL,'CATANIA','BRGMRC84E25C351L'),(1871,'ERCOLINO ','EMANUELA ',NULL,'SARONNO','RCMNL86H70I441Y'),(1872,'LIMONE ','GIUSEPPINA',NULL,'MILANO','LMNGPP68P54F205Q'),(1873,'MEJDOUB ','LOUBNA ',NULL,'MAROCCO','MJDLBN92R61Z330B'),(1874,'MOURRIS BESHAY SALAMA ','AY SALAMA NEVIEN ',NULL,'EGITTO','MRRNVN79M69Z336S'),(1875,'PAMBUKU','MERITA ',NULL,'ALBANIA','PMBMRT69L682I00D'),(1876,'RUGGIERO ','MARIA ANTONIETTA ',NULL,'TRADATE','RGGMNT61C43L319W'),(1877,'SCHIPILLITI ','GIOVANNA ',NULL,'SEMINARA','SCHGNN71H63I600M'),(1878,'TOZZI ','MICHELINA ',NULL,'LUCERA','TZZMHL66E67E716K'),(1879,'VISCONTI ','VINCENZA',NULL,'PALERMO','VSCVCN61C64G273D'),(1883,'ABBRIANO ','CATERINA ',NULL,'MILAZZO (ME)','BBRCRN78R62F206X'),(1884,'ADAMO ','VALENTINA ',NULL,'VARESE','DMAVNT83D62L682D'),(1885,'APPIANI ','VIVIANA ',NULL,'MILANO','PPNVVN52T57F205A'),(1886,'CAMPISI ','GRAZIA ',NULL,'CATANIA','CMPGRZ85R69C351C'),(1887,'CASSARINO','ANTONIO ',NULL,'LENTINI','CSSNTN76L31E532A'),(1888,'CECCATO','TATIANA ',NULL,'VALDOBBIADENE','CCCTTN74M57L565G'),(1889,'DE MARCHI ','ANNUNZIATA ',NULL,'CEGLIE MASSAPICA','DMRNNZ83A45C424R'),(1890,'DI PISA ','MARIA ',NULL,'PALERMO','DPSMRA78L67G273B'),(1891,'FIORETTO ','CINZIA ',NULL,'AVELLINO (AV)','FRTCNZ73L60A509A'),(1892,'GIULIANI','ALESSANDRA',NULL,'VARESE','GLNLSN93H63L682T'),(1893,'NEGRI','CHIARA ',NULL,'TRADATE','NGRCHR69D41L319P'),(1894,'PECORARO ','ANGELO ',NULL,'LUINO (VA)','PCRNGL95B13E734P'),(1895,'PIETRANTONIO ','MARIA STEFANIA ',NULL,'BARI (BA)','PTRMST76S67A662B'),(1896,'SADA ','SUSANNA ',NULL,'MILANO','SDASNN56R58F205L'),(1897,'SALAFIA ','TERESA MARIA VALENTINA ',NULL,'CATANIA','SLFTSM79S46C351U'),(1898,'SASSANO','NUNZIA ',NULL,'SAN GIOVANNI ROTONDO','SSSNNZ77B61H926T'),(1899,'TOMASELLO','GIULIA ',NULL,'VARESE','TMSGLI94L44L682H'),(1900,'OCCHIUZZI ','LINDA ',NULL,'BONIFATI','CCHLND66S58A973U'),(1901,'FALCONETTI ','IDA ',NULL,'MONDRAGONE (CE)','FLCDIA55A42F352X'),(1904,'MOTTA','SIMONA',NULL,'VARESE','MTTSMN68M70L682G'),(1906,'PAOLICELLI ','SIMONA ',NULL,'CITTIGLIO (VA)','PLCSMN75C62C751A'),(1907,'GIGLIOTTI','BARBARA',NULL,'VARESE','GGLBBR85R44L682X'),(1909,'RIZZO','GINA',NULL,'VARESE','RZZGNI77S62L628C'),(1910,'ANTONELLIS','ANTONIO ',NULL,'SAN DONATO VAL DI COMINO','NTNNTN53H13H824V'),(1911,'ALBANESE','FRANCESCA',NULL,'FOOTSCRAY MELBOURNE ()','LBNFNC60P42Z700S'),(1912,'BANFI','EMANUELA ',NULL,'VARESE (VA)','BNFMNL70M51L682S'),(1913,'BELLONI','ANGELO ',NULL,'VARESE (VA)','BLLNGL52E07L682E'),(1914,'BENZONE ','GIUSEPPINA ',NULL,'SIDERNO (RC)','BNZGPP70H44I725R'),(1915,'BONOMO ','CROCETTA',NULL,'MUSSOMELI (CL)','BNMCCT58E43F830W'),(1916,'BROGGINI','FRANCESCA',NULL,'VARESE (VA)','BRGFNC71P45L682G'),(1917,'BROGGINI','NICOLA ',NULL,'VARESE (VA)','BRGNCL62H22L682L'),(1918,'BRUNO','DORA ',NULL,'COSENZA (CS)','BRNDRO72E41D086R'),(1919,'CANNATA ','CARMELA FRANCESCA ',NULL,'FURCI SICULO (ME)','CNNCML60R45D824M'),(1920,'CANNITO ','FILOMENA MARGHERITA ',NULL,'ALTAMURA (BA)','CNNFMN65B62A225V'),(1921,'CAPRA ','MARGHERITA ',NULL,'MILANO (MI)','CPRMGH54R48F205D'),(1922,'CARDELLI','VINCENZO ',NULL,'CASTELLALTO (TE)','CRDVCN54B25C128T'),(1923,'COLESANTI ','PATRIZIA ',NULL,'NAPOLI (NA)','CLSPRZ55H55F839V'),(1924,'COLOMBO ','CLARA',NULL,'VARESE (VA)','CLMCLR67R58L682U'),(1925,'CRESPI','DANIELA ',NULL,'VARESE (VA)','CRSDNL63B54L682J'),(1926,'CUZZUPE\'','SALVATORE',NULL,'SQUINZANO (LE)','CZZSVT55R18I930X'),(1927,'D\'AVINO','ALMA NICOLETTA',NULL,'VARESE (VA)','DVNLNC80M50L682H'),(1928,'FALABELLA ','LEONRDO',NULL,'VARESE (VA)','FLBLRD62T26L682D'),(1929,'FALZONE ','ROSARIA ',NULL,'COMO (CO)','FLZRSR74P52C933E'),(1930,'FANELLO','FERNANDO',NULL,'VARESE (VA)','FNLFNN55E11L682F'),(1931,'FARONI','ELISABETTA ',NULL,'VARESE (VA)','FRNLBT59T62L682K'),(1932,'GAZZOTTI ','ROSALBA ',NULL,'VARESE (VA)','GZZRLB63D61L682Z'),(1933,'IRMICI ','ENRICO',NULL,'GROTTAFERRATA (RM)','RMCNRC56H01E204Y'),(1934,'MAFFIA ','STEFANO',NULL,'LAURINO (SA)','MFFSFN52T26E485E'),(1935,'MAGLIONE ','MARIA GRAZIA ',NULL,'SANTA MARIA CAPUA VETERE (CE)','MGLMGR60A59I234J'),(1936,'MAIURI','ANNA ',NULL,'SAN MAURO CILENTO (SA)','MRANNA62T49I031H'),(1937,'MANCINI','MARIA ',NULL,'NAPOLI (NA)','MNCMRA64C55F839Q'),(1938,'MANICONE ','CHIARA',NULL,'ALTAMURA (BA)','MNCCHR56B46A225A'),(1940,'TARANTINO','ELENA ',NULL,'BUSTO ARSIZIO','TRNLNE71D42B300Z'),(1941,'ZANZI ','CARLO',NULL,'VARESE','ZNZCRL56H15L682N'),(1943,'CANNETO','LUCIA ANNA ',NULL,'GALLIPOLI','CNNLNN61T54D883H'),(1944,'CRUGNOLA ','LILIANA ',NULL,'VARESE','CRGLLN66H66L682H'),(1945,'DE FALCO ','NADIA ',NULL,'VARESE','DFLNDA65T66L682A'),(1946,'FERRARA ','ROSALBA ',NULL,'SOMMATINO','FRRRLB70M67I824A'),(1947,'MANZARI','CRISTINA',NULL,'BARI (BA)','MNZCST85H51A662D'),(1948,'MARANGON','PAOLA ',NULL,'VARESE (VA)','MRNPLA67L56L682D'),(1949,'MAUGERI ','MARIA CONCETTA',NULL,'CASTEL DI SANGRO (AQ)','MGRMCN62A61C096J'),(1950,'MELLACE','PAOLA ',NULL,'ROMA (RM)','MLLPLA64L57H501N'),(1951,'MOLITIERNO','MARGHERITA ',NULL,'AVERSA (CE)','MLTMGH59T48A512Z'),(1952,'MONTEMURRO','CRISTIANA ',NULL,'VARESE (VA)','MNTCST67B43L682U'),(1953,'OSSOLA ','CARMELA ',NULL,'VARESE (VA)','SSLCML55L69L682X'),(1954,'PAGLIARO ','MARGHERITA ',NULL,'MILANO (MI)','PGLMGH71B56F205E'),(1955,'PANICO ','ROSANNA ',NULL,'ORTA DI ATELLA (CE)','PNCRNN68C47G130A'),(1956,'PANOSETTI ','ELENA ',NULL,'GAVIRATE (VA)','PNSLNE61L52D946G'),(1957,'PIAZZA ','ENRICO',NULL,'VARESE (VA)','PZZNRC56M17L682M'),(1958,'RAIOLA ','GINEVRA ',NULL,'TORRE ANNUNZIATA (NA)','RLAGVR63A54L245P'),(1959,'RAITI','DOMENICA ',NULL,'CATANIA (CT)','RTADNC54P44C351W'),(1960,'ROMIO ','SERAFINA MARIA',NULL,'CORIGLIANO CALABRO (CS)','RMOSFN57M44D005N'),(1961,'ROSELLI ','ROSANNA ',NULL,'VARESE (VA)','RSLRNN55T47L682Q'),(1962,'SARRACINO ','GIUSEPPINA',NULL,'VARESE (VA)','SRRGPP57A53L682D'),(1963,'SCHIAVITTO','SOFIA ',NULL,'FOGGIA (FG)','SCHSFO61C46D643P'),(1964,'TREMOLANTI','AMELIA ',NULL,'LIVORNO (LI)','TRMMLA55E69E625X'),(1965,'TURRI','NOEMI ',NULL,'VARESE (VA)','TRRNMO63B58L682J'),(1966,'VERZELETTI','CLUADIA ',NULL,'SVIZZERA ()','VRZCLD72P55Z133E'),(1967,'ZANOTTI','BARBARA',NULL,'VARESE (VA)','ZNTBBR70L71L682F'),(1968,'ARDIZZONE','ANTONINA ',NULL,'CASTELVETRANO (TP)','RDZNNN85E69C286O'),(1969,'AVALDI','NOEMI ',NULL,'VARESE (VA)','VLDNMO56A54L682Q'),(1970,'BOTTI','MARIA ',NULL,'TRADATE (VA)','BTTMRA60C59L319J'),(1971,'CARLOMAGNO','SIMONA',NULL,'MARATEA','CRLSMN85E48E919W'),(1972,'CAMANNI','FRANCESCA ',NULL,'GALLARATE (VA)','CMNFNC62B62D869L'),(1973,'CARINELLA','ELENA ',NULL,'VARESE (VA)','CRNLNE72T67L682Q'),(1974,'CIOCCIO ','MARIA MADDALENA ',NULL,'CORATO (BA)','CCCMMD57B63C983M'),(1975,'GALLO','MARIA RITA ',NULL,'CATANZARO (CZ)','GLLMRT69A66C352E'),(1976,'GORINI','CARLA ',NULL,'VARESE (VA)','GRNCRL56M45L682K'),(1977,'GRECO\'','MONICA ',NULL,'MELITO DI PORTO SALVO (RC)','GRCMNC77H60F112A'),(1978,'GREGORIO ','GRAZIA MARIA ',NULL,'AVELLINO (AV)','GRGGZM57R53A509G'),(1979,'INDELICATO ','RITA ',NULL,'CANT (CO)','NDLRTI73R42B639N'),(1980,'LENTA\' ','ROBERTA ',NULL,'CITTIGLIO (VA)','LNTRRT72D70C751D'),(1981,'LIMONGI ','CATERINA',NULL,'LAURIA (PZ)','LMNCRN62B63E483N'),(1982,'MANCINI','DANIELA ',NULL,'NAPOLI (NA)','MNCDNL67P58F839L'),(1983,'MANIERI ','IMMACOLATA',NULL,'CORIGLIANO CALABRO (CS)','MNRMCL67R54D005Y'),(1984,'NUZZO','ANUELLO',NULL,'MADDALONI (CE)','NZZNLL76C04E791H'),(1985,'OCCULTI','MARIA GRAZIA ',NULL,'DESIO (MB)','CCLMGR65E56D286F'),(1986,'PACILLO','MIRELLA ',NULL,'VIGEVANO (PV)','PCLMLL74P66L872T'),(1987,'PESCA ','ANNA',NULL,'CONEGLIANO (TV)','PSCNNA54E50C957G'),(1988,'PRESTANO','VALENTINA',NULL,'PALERMO (PA)','PRSVNT75E52G273C'),(1989,'RUSSO','EMILIA LUCIA',NULL,'TRADATE (VA)','RSSMLC64T53L319L'),(1990,'TOSETTO','LOREDANA',NULL,'VARESE (VA)','TSTLDN67S62L682F'),(1993,'BIANCHI','ARNALDO',NULL,'TRADATE (VA)','BNCRLD60E24L319N'),(1994,'DEL VECCHIO','EDOARDO',NULL,'GALLARATE','DLVDRD95R21D869X'),(1995,'REPOSSI','MARINA',NULL,'VENEZIA','RPSMRN53R46L736B'),(1996,'SERAFINI','MARCELLO',NULL,'VARESE','SRFMCL65T12L682T'),(1998,'NICOLINI ','DANIELA ',NULL,'VARESE (VA)','NCLDNL58R42L682H'),(2001,'TEDDE ','MICHAELA',NULL,'VARESE (VA)','TDDMHL75R49L682C'),(2002,'BASSI ','FAUSTA',NULL,'BERBENNO DI VALTELLINA (SO)','BSSFST54H62A787X'),(2003,'BISICCHIA ','AGATINA',NULL,'ADRANO (CT)','BSCGTN67C61A056G'),(2004,'CALABRESE ','FRANCESCA',NULL,'SANGINETO (CS)','CLBFNC66M64H877R'),(2005,'CALABRIA ','MARILISA',NULL,'GINOSA (TA)','CLBMLS65D52E036G'),(2006,'CARON ','PATRIZIA MARIA',NULL,'VARESE (VA)','CRNPRZ54D48L682U'),(2007,'GIGLIO ','FILOMENA CAROLINA',NULL,'CHIAROMONTE (PZ)','GGLFMN57R43C619J'),(2008,'MANGIONE ','STELLA MARIA',NULL,'RAFFADALI (AG)','MNGSLL61A67H159W'),(2009,'MARTINI ','DANIELA ',NULL,'VARESE (VA)','MRTDNL66E65L682P'),(2010,'MAZZOLA ','GIUSEPPE',NULL,'PALERMO (PA)','MZZGPP53R19G273F'),(2011,'MEZZULLO ','FRANCESCA',NULL,'SAN GREGORIO MATESE (CE)','MZZFNC63L43H939W'),(2012,'OZZELLA ','ANNA MARIA',NULL,'VARESE (VA)','ZZLNMR75D65L682F'),(2013,'PARENTE ','GIOVANNA ',NULL,'GRAZZANISE (CE)','PRNGNN71L53E158L'),(2014,'PERRI ','ANTONIO ',NULL,'PETILIA POLICASTRO (KR)','PRRNTN59S23G508T'),(2015,'PICARDI ','ANNA',NULL,'ACERRA (NA)','PCRNNA63T65A024F'),(2016,'RECUPERO','GRAZIELLA',NULL,'CATANIA','RCPGZL65H63C351N'),(2017,'RUSSO ','RINALDO ',NULL,'MONTECORICE (SA)','RSSRLD69C28F479Y'),(2018,'SBROLLI ','CINZIA ',NULL,'VARESE (VA)','SBRCNZ66T63L682Z'),(2019,'TRENTINO ','MARIA',NULL,'CATANIA (CT)','TRNMRA65A70C351K'),(2020,'MALATACCA','MADDALENA ',NULL,'TREBISACCE','MLTMDL54B61L353W'),(2023,'CALA\'','MARTINA',NULL,'VARESE','CLAMTN95H56L682C'),(2024,'UBERTINI','ILENIA ',NULL,'GELA (CL)','BRTLDN79M52D960R'),(2027,'FEOLE','LORETTA',NULL,'LUINO (VA)','FLELTT77B55E734W'),(2028,'BALZARINI ','SARA ALBA',NULL,'SOMMA LOMBARDO (VA)','BLZSLB83C65I819W'),(2029,'BARATELLI','MIRELLA',NULL,'VARESE','BRTMLL62M54L682Q'),(2030,'GIANNATTASIO','DONATELLA',NULL,'TARANTO','GNNDTL82E42L049W'),(2031,'MACCHI ','DANIELA',NULL,'VARESE','MCCDNL54C45L682H'),(2032,'MAZZA','STELLA',NULL,'ENNA','MZZSLL83T54C342L'),(2033,'PALAZZO ','MARIA RAFFAELLA',NULL,'SALENTO (SA)','PLZMRF65A63H686L'),(2034,'PELLEGRINI ','LAURA',NULL,'VARESE','PLLLRA68B53L682H'),(2035,'PERONE','ESTER',NULL,'GALLARATE (VA)','PRNSTR85B44D869T'),(2036,'ROSATO','DONATELLA',NULL,'MELITO DI PORTO SALVO (RC)','RSTDTL75C46F112V'),(2037,'VANETTI ','LUISA SARA',NULL,'VARESE','VNTLSR74L52L682V'),(2038,'ZANATTO','GIORGIA ROSA',NULL,'BUSTO ARSIZIO (VA)','ZNTGGR70L43B300Z'),(2039,'CALVINO','EDOARDO',NULL,'BUSTO ARSIZIO (VA)','CLVDRD91E29B300Z'),(2040,'DELLAVEDOVA','SONIA',NULL,'LEGNANO (MI)','DLLSNO65E59E514A'),(2041,'MISTRETTA ','ROSA MARIA',NULL,'S.AGATA DI MILITELLO (ME)','MSTRMR77M57I199W'),(2042,'MONFARDINI','MILENA',NULL,'REMEDELLO (BS)','MNFMLN64C58H230H'),(2044,'VIRGILIO ','EMILIA',NULL,'VARESE','VRGMLE63A59L682Q'),(2045,'MASTRIANI','ASSUNTA ',NULL,'NAPOLI','MSTSNT71E56F839U'),(2047,'ARCARI','ELENA',NULL,'GALLARATE','RCRLNE75A47D869Q'),(2048,'BITONTI','RITA',NULL,'MESORACA','BTNRNT63E42F157C'),(2049,'CALDIERI','ANTONELLA',NULL,'COMO','CLDNNL75D50C933F'),(2050,'CESTARO','MARIANGELA',NULL,'TRADATE','CSTMNG72A71L319M'),(2051,'COSTAGLIOLA','GIUSY',NULL,'MESSINA','CSTGSY76M46F158M'),(2052,'DE LUCA','GIOVANNA',NULL,'ACERRA','DLCGNN71D44A024I'),(2053,'DE MOLLI','SILVIA',NULL,'SOMMA LOMBARDO','DMLSLV82T70I819C'),(2054,'LOMBARDO','LEONARDO',NULL,'PALERMO','LMBLRD78C09G273K'),(2055,'MARTINES','IRINA',NULL,'GALLARATE','MRTRMR56A64D869D'),(2056,'MAZZUCCHELLI','LAURA',NULL,'TRADATE','MZZLRA79S43L319S'),(2057,'MELE','PIETRO',NULL,'NOVARA','MLEPTR84R11F952W'),(2058,'PANNONE','AMELIA',NULL,'GALLARATE','PNNMLA70A49D869O'),(2059,'PIERRI','MARIA   GIUSEPPINA',NULL,'SALERNO','PRRMGS68L41H703F'),(2060,'PIPERNO','SARA',NULL,'BUSTO ARSIZIO','PPRSRA79D70B300Y'),(2061,'PIZZOLLA','ELEONORA',NULL,'MATERA','PZZLNR72M56F052Q'),(2062,'ROSANA','MARINA',NULL,'AVOLA','RSNMRN74R71A522F'),(2063,'SANFILIPPO','SILVIA',NULL,'SIRACUSA ','SNFSLV75A54I754B'),(2064,'SAVIANO','ANGELINA',NULL,'FRATTAMAGGIORE','SVNNLN67R54D789V'),(2065,'SGUAIZER','BARBARA',NULL,'BUSTO ARSIZIO','SGZBBR74A69B300N'),(2066,'TIMPERANZA','ROSA',NULL,'SCICLI','TMPRSO73L50I535J'),(2067,'TORCISI','BARBARA',NULL,'CATANIA','TRCBBR71A71C351Q'),(2068,'URSO','VERONICA',NULL,'PALERMO','RSUVNC81D63G273U'),(2069,'VENTURA','FRANCESCA',NULL,'STATI UNITI','VNTFNC73S70Z404R'),(2070,'GENTILE','IOLE',NULL,'TRADATE','GNTLIO64A60L319X'),(2073,'FIORASO','ELENA',NULL,'SARONNO','FRSLNE66M47I441C'),(2074,'ALLEGRETTI','GRAZIANO',NULL,'BITONTO','LLGGZN88S02A893V'),(2075,'BANFI','LAURA',NULL,'SARONNO','BNFLRA64D59I441O'),(2077,'MAZZOTTA','ANNA',NULL,'LAMEZIA TERME','MZZNNA76D70M208R'),(2078,'MERAVIGLIA','FRANCESCA',NULL,'BUSTO ARSIZIO','MRVFNC87E55B300E'),(2079,'RIVA','MANUELA',NULL,'COMO','RVIMNL71M71C933L'),(2080,'SACCHI','CLAUDIA',NULL,'MILANO','SCCCLD65L71F205E'),(2081,'TASSETTO','STEFANIA',NULL,'PADERNO DUGNANO','TSSSFN71E67G220W'),(2082,'VIOLA','STEFANIA ANGELA',NULL,'SAMARATE','VLISFN72T46H736W'),(2083,'BRITTANNI','SALVATORE',NULL,'SARONNO','BRTSVT70T25I441P'),(2084,'CARUGATI','CATIA',NULL,'SARONNO','CRGCTA66T50I441L'),(2085,'ESPOSITO','GERARDO',NULL,'SARNO','SPSGRD67D27I438N'),(2086,'IANNUZZI','MARIA ',NULL,'SANT\'AGATA DI PUGLIA','NNZMRA59C52I193H'),(2087,'IMPAGLIATELLI','MARIA GIOVANNA',NULL,'SAN GIOVANNI ROTONDO','MPGMGV63P58H926E'),(2088,'PALETTA','ROSANNA',NULL,'MALVITO','PLTRNN80M44E872H'),(2089,'PORRO','MASSIMILIANO',NULL,'SARONNO','PRRMSM65M23I441C'),(2092,'BAMBINI','ILARIA',NULL,'JESI','BMBLRI87S54E388Z'),(2093,'BENFANTI','ALESSANDRO',NULL,'BUSTO ARSIZIO','BNFLSN84T03B300L'),(2094,'CAIELLI','ROBERTO',NULL,'ANGERA','CLLRRT73A08A290P'),(2095,'CAIMI ','ELISABETTA',NULL,'BUSTO ARSIZIO','CMALBT72R56B300A'),(2096,'CAPPELLETTO','DARIO',NULL,'GALLARATE','CPPDRA83P08D869X'),(2097,'CAVAZZONI','MAURIZIO',NULL,'BUSTO ARSIZIO','CVZMRZ71B25B300G'),(2098,'CIRILLO','COSIMO',NULL,'SERRA SAN  BRUNO','CRLCSM79S08I639A'),(2099,'DE GIUSEPPE','MARIA ANGELA',NULL,'MAGLIE (LE)','DGSMNG81D61E815D'),(2100,'DE SARNO','ANTONIO',NULL,'LONDRA','DSRNTN68E06Z114Z'),(2101,'GUARINO','MICHELA',NULL,'GALLARATE','GRNMHL74D53D869Z'),(2102,'LO GIUDICE','MARIA GRAZIA',NULL,'RAGUSA','LGDMGR77S56H163H'),(2103,'LONGHITANO','SERGIO',NULL,'CATANIA','LNGSRG82T24C351U'),(2104,'MATTIA','FABIO',NULL,'GIUSSANO (MI)','MTTFBA82H19E063E'),(2105,'MUTO','FRANCESCO',NULL,'COSENZA','MTUFNC75C10D086G'),(2106,'OFFREDA','NICOLA',NULL,'TORONTO','FFRNCL80R17Z401E'),(2107,'PALMIERI','ANDREA (sost Oliverio)',NULL,'TRADATE','PLMNDR81S12L319R'),(2108,'RUPERTO','TATIANA BRUNA',NULL,'CROTONE','RPRTNB62S57D122C'),(2109,'SCALZONE','MARISA',NULL,'CASAL DI PRINCIPE','SCLMRS73E47B872I'),(2110,'SERRA','CRISTINA',NULL,'NOVARA','SRRCST72P63F952L'),(2111,'ZUCCOTTI','CRISTIANO',NULL,'PAVIA','ZCCCST75C05G388N'),(2112,'CONDEMI','DOMENICA',NULL,'MELITO DI PORTO SALVO (RC)','CNDDNC62E64F112Y'),(2113,'PALESTRINO','GIUSEPPINA',NULL,'LATRONICO (PZ)','PLSGPP68C63E474Q'),(2114,'INSERVIENTE','IMMACOLATA',NULL,'BOSCOTRECASE','NSRMCL74A55B077K'),(2115,'LOMBARDO','PASQUALINA',NULL,'CHIARAVALLE CENTRALE','LMBPQL87M45C616H'),(2116,'IMBRIACO','ERIKA',NULL,'TRADATE','MBRRKE85S53L319I'),(2117,'TROMBETTI','ANDREA',NULL,'BUSTO ARSIZIO','TRMNDR89B08B300M'),(2118,'ANDRIOLA','CATERINA',NULL,'OSTUNI (BR) ','NDRCRN70D67G187C'),(2119,'ARACNE','FABRIZIO',NULL,'SOMMA LOMBARDO','RCNFRZ62D13I819T'),(2121,'CARNELLI','MARINA',NULL,'PAVIA','CRNMRN72C42G388S'),(2122,'PETAGINE','ILARIA',NULL,'GALLARATE','PTGLRI78D44D869C'),(2124,'ANCELLIERO','LAURA',NULL,'VARESE','NCLLRA72R59L682H'),(2125,'BALLARDINI','ELENA',NULL,'VARESE','BLLLNE84E57L682N'),(2126,'BARBERIO','DANIELA',NULL,'ESTERO','BRBDNL78R56Z133J'),(2127,'BARONE','SARA',NULL,'BATTIPAGLIA (SA)','BRNSRA81E56A717R'),(2128,'BASSANI','MICHELA',NULL,'VARESE','BSSMHL79A47L682B'),(2129,'BIARDI','NICOLETTA MARIA',NULL,'MILANO','BRDNLT68R45F205B'),(2130,'CALAMITA','MICHELA',NULL,'TRIGGIANO (BA)','CLMMHL79A50L425M'),(2131,'CAPPELLANO','FRANCESCO',NULL,'CATANIA','CPPFNC83P19C351H'),(2132,'CARRARA','ILARIA',NULL,'VARESE','CRRLRI73M53L682Q'),(2133,'CERIANI','ANNAMARIA',NULL,'TRADATE (VA)','CRNNMR85S53L319W'),(2134,'CICERO','CONCETTINA',NULL,'ESTERO','CCRCCT84A69Z133X'),(2135,'COPPOLA','FRANCESCO',NULL,'CONTESSA ENTELLINA (PA)','CPPFNC59C14C968F'),(2136,'DAMIANO','SALVATORE',NULL,'NAPOLI','DMNSVT92C22F839N'),(2137,'DE MAIO','SILVANA',NULL,'BOLLATE (MI)','DMESVN70C68A940M'),(2138,'DE MARIA','PAOLA',NULL,'LECCE (LE)','DMRPLA69D56E506Z'),(2139,'DE SALVIA','MARIA LEONARDA',NULL,'MANFREDONIA (FG)','DSLMLN70A62E885B'),(2140,'D\'UGO','VINCENZO',NULL,'ESTERO','DGUVCN77T16Z404J'),(2141,'DI VONA ','GIULIA',NULL,'ORTONA (CH)','DVNGLI77E59G141F'),(2142,'GUSMEROLI','FRANCESCA',NULL,'VARESE','GSMFNC78R64L682J'),(2143,'LA ROCCA','GIUSEPPA',NULL,'MAZZARINO (CL)','LRCGPP70T57F065Y'),(2145,'LATELLA','ANTONIA',NULL,'MELITO DI PORTO SALVO (RC)','LTLNTN52S52F112L'),(2146,'LATTANZIO','RACHELE',NULL,'STIGLIANO (MT)','LTTRHL68T69I954H'),(2187,'test','test','3000-10-10','test','1111111111111111');
/*!40000 ALTER TABLE `personale` ENABLE KEYS */;
UNLOCK TABLES;

--
-- Table structure for table `sedi`
--

DROP TABLE IF EXISTS `sedi`;
/*!40101 SET @saved_cs_client     = @@character_set_client */;
/*!40101 SET character_set_client = utf8 */;
CREATE TABLE `sedi` (
  `id` int(11) NOT NULL AUTO_INCREMENT,
  `Nome` varchar(45) DEFAULT NULL,
  PRIMARY KEY (`id`)
) ENGINE=InnoDB AUTO_INCREMENT=98 DEFAULT CHARSET=utf8;
/*!40101 SET character_set_client = @saved_cs_client */;

--
-- Dumping data for table `sedi`
--

LOCK TABLES `sedi` WRITE;
/*!40000 ALTER TABLE `sedi` DISABLE KEYS */;
INSERT INTO `sedi` VALUES (1,'LICEO \"MANZONI\" VARESE'),(2,'IC \"GALILEI\" TRADATE'),(3,'IC \"PASSERINI\" INDUNO OLONA'),(4,'ISIS \"DAVERIO\" VARESE'),(5,'L.S. \" TOSI\" BUSTO ARSIZIO'),(6,'ISIS \"PONTI\" GALLARATE'),(7,'LICEO \"GRASSI\" SARONNO'),(8,'ISIS \"VALCERESIO\" BISUSCHIO'),(9,'IC \"MARCONI\" VENEGONO S.'),(10,'ISIS \"FALCONE\" GALLARATE'),(11,'IC \"CASTIGLIONI\" CASTIGLIONE O.'),(12,'ISIS \"GEYMONAT\" TRADATE'),(13,'IC \"DE AMICIS\" CASTRONNO'),(14,'LICEO ARTISTICO \"A. FRATTINI\" VARESE'),(15,'ISIS PONTI GALLARATE'),(16,'LICEO \"CAIROLI\" VARESE'),(17,'ISIS VALCERESIO'),(18,'I.C. CARDANO AL CAMPO'),(19,'I.C. FERRINI OLGIATE OLONA'),(20,'IC A. MORO SOLBIATE OLONA'),(21,'ISIS SESTO CALENDE'),(22,'IC MALNATE'),(23,'PREALPI SARONNO'),(24,'IC \"UNGARETTI\" SESTO CALENDE'),(25,''),(26,'IC TRAVEDONA MONATE'),(27,'IC TRAVEDONA MONATE-PREALPI SARONNO'),(28,'IC ALMENNO SAN BARTOLOMEO'),(29,'ISIS DAVERIO-CASULA VARESE'),(30,'IC CASTRONNO'),(31,'IC CARDANO AL CAMPO'),(32,'IC PONTI GALLARATE'),(33,'IC GERMIGNAGA'),(34,'LICEO ART. CANDIANI - BUSTO ARSIZIO'),(35,'I.I.S. C.A. DALLA CHIESA - SESTO CALENDE '),(36,'IC GERENZANO'),(37,'IC TRAVEDONA'),(38,'IC VIDOLETTI'),(39,'IC MORNAGO'),(40,'CARDANO-PADRE  LEGA GALLARATE'),(41,'ITC ZAPPA SARONNO'),(42,'ISIS FALCONE'),(43,'ISIS F ACCHINETTI CASTELLANZA'),(44,'ISIS FACCHINETTI CASTELLANZA'),(45,'ISIS NEWTON VARESE'),(46,'IC CARONNO PERTUSELLA'),(47,'LICEO  ARTISTICO  FRATTINI'),(48,'LICEO SERENI LUINO'),(49,'I.C.VEDANO OLONA'),(50,'IC VENEGONO SUPERIORE'),(51,'IC IGNOTO MILITI SARONNO'),(52,'IC.CARDANO AL CAMPO'),(88,'IC \"DA VINCI \" AZZATE'),(89,'IC CRESPI BUSTO ARSIZIO'),(97,'test');
/*!40000 ALTER TABLE `sedi` ENABLE KEYS */;
UNLOCK TABLES;

--
-- Table structure for table `utenti`
--

DROP TABLE IF EXISTS `utenti`;
/*!40101 SET @saved_cs_client     = @@character_set_client */;
/*!40101 SET character_set_client = utf8 */;
CREATE TABLE `utenti` (
  `Id` int(11) NOT NULL,
  `Username` varchar(45) NOT NULL,
  `Password` varchar(45) NOT NULL,
  `Nome` varchar(45) NOT NULL,
  `Cognome` varchar(45) NOT NULL,
  `CF` varchar(16) NOT NULL,
  `email` varchar(45) DEFAULT NULL,
  `Accesso` int(11) NOT NULL,
  PRIMARY KEY (`Id`),
  UNIQUE KEY `Username_UNIQUE` (`Username`),
  UNIQUE KEY `CF_UNIQUE` (`CF`)
) ENGINE=InnoDB DEFAULT CHARSET=utf8;
/*!40101 SET character_set_client = @saved_cs_client */;

--
-- Dumping data for table `utenti`
--

LOCK TABLES `utenti` WRITE;
/*!40000 ALTER TABLE `utenti` DISABLE KEYS */;
INSERT INTO `utenti` VALUES (1,'user','202cb962ac59075b964b07152d234b70','Piero','Bianchi','asdfghjklzxcvbnm','oijkokokpok@gmail.com',0),(2,'moderator','202cb962ac59075b964b07152d234b70','Mario','Bianchi','aaaaaaaaaaaaaaaa','mario@gmail.com',1),(3,'admin','202cb962ac59075b964b07152d234b70','Antonio','Nduja','llllllllllllllll','antonio@nduja.net',2);
/*!40000 ALTER TABLE `utenti` ENABLE KEYS */;
UNLOCK TABLES;
/*!40103 SET TIME_ZONE=@OLD_TIME_ZONE */;

/*!40101 SET SQL_MODE=@OLD_SQL_MODE */;
/*!40014 SET FOREIGN_KEY_CHECKS=@OLD_FOREIGN_KEY_CHECKS */;
/*!40014 SET UNIQUE_CHECKS=@OLD_UNIQUE_CHECKS */;
/*!40101 SET CHARACTER_SET_CLIENT=@OLD_CHARACTER_SET_CLIENT */;
/*!40101 SET CHARACTER_SET_RESULTS=@OLD_CHARACTER_SET_RESULTS */;
/*!40101 SET COLLATION_CONNECTION=@OLD_COLLATION_CONNECTION */;
/*!40111 SET SQL_NOTES=@OLD_SQL_NOTES */;

-- Dump completed on 2018-05-25 19:27:44
